Player,Span,Mat,Inns,NO,Runs,HS,Ave,BF,SR,100,50,0,4s,6s
V Kohli (INDIA),2010-2019,75,70,20,2633,94*,52.66,1907,138.07,0,24,2,247,71
RG Sharma (INDIA),2007-2019,104,96,14,2633,118,32.1,1905,138.21,4,19,6,234,120
MJ Guptill (NZ),2009-2019,83,80,7,2436,105,33.36,1810,134.58,2,15,2,215,113
Shoaib Malik (ICC/PAK),2006-2019,111,104,30,2263,75,30.58,1824,124.06,0,7,1,186,61
BB McCullum (NZ),2005-2015,71,70,10,2140,123,35.66,1571,136.21,2,13,3,199,91
DA Warner (AUS),2009-2019,76,76,8,2079,100*,30.57,1476,140.85,1,15,5,203,86
EJG Morgan (ENG),2009-2019,86,84,17,2002,91,29.88,1475,135.72,0,11,3,151,96
Mohammad Shahzad (AFG),2010-2018,65,65,3,1936,118*,31.22,1436,134.81,1,12,3,218,72
JP Duminy (SA),2007-2019,81,75,25,1934,96*,38.68,1532,126.24,0,11,6,138,71
PR Stirling (IRE),2009-2019,72,71,6,1929,91,29.67,1401,137.68,0,16,8,233,59
Mohammad Hafeez (PAK),2006-2018,89,86,8,1908,86,24.46,1643,116.12,0,10,6,196,51
TM Dilshan (SL),2006-2016,80,79,12,1889,104*,28.19,1567,120.54,1,13,10,223,33
AJ Finch (AUS),2011-2019,58,58,9,1878,172,38.32,1200,156.5,2,11,4,182,90
LRPL Taylor (NZ),2006-2019,95,87,19,1743,63,25.63,1430,121.88,0,5,5,110,65
Umar Akmal (PAK),2009-2019,84,79,14,1690,94,26.0,1377,122.73,0,8,10,122,55
AB de Villiers (SA),2006-2017,78,75,11,1672,79*,26.12,1237,135.16,0,10,5,140,60
H Masakadza (ZIM),2006-2019,66,66,2,1662,93*,25.96,1418,117.2,0,11,1,151,65
AD Hales (ENG),2011-2019,60,60,7,1644,116*,31.01,1203,136.65,1,8,4,175,55
CH Gayle (WI),2006-2019,58,54,4,1627,117,32.54,1139,142.84,2,13,3,138,105
MS Dhoni (INDIA),2006-2019,98,85,42,1617,56,37.6,1282,126.13,0,2,1,116,52
Tamim Iqbal (BDESH/ICC/World),2007-2018,75,75,5,1613,103*,23.04,1383,116.63,1,6,6,174,41
MN Samuels (WI),2007-2018,67,65,10,1611,89*,29.29,1386,116.23,0,10,0,144,69
SK Raina (INDIA),2006-2018,78,66,11,1605,101,29.18,1190,134.87,1,5,3,145,58
GJ Maxwell (AUS),2012-2019,61,54,9,1576,145*,35.02,985,160.0,3,7,1,133,81
Shakib Al Hasan (BDESH),2006-2019,76,76,10,1567,84,23.74,1266,123.77,0,9,5,163,33
C Munro (NZ),2012-2019,60,57,7,1546,109*,30.92,966,160.04,3,9,5,114,100
KS Williamson (NZ),2011-2019,57,55,7,1505,73*,31.35,1236,121.76,0,9,2,158,26
S Dhawan (INDIA),2011-2019,58,57,3,1504,92,27.85,1173,128.21,0,9,1,166,46
KJ O'Brien (IRE),2008-2019,90,83,10,1504,124,20.6,1124,133.8,1,3,10,117,69
DPMD Jayawardene (SL),2006-2014,55,55,8,1493,100,31.76,1121,133.18,1,9,4,173,33
Ahmed Shehzad (PAK),2009-2019,59,59,2,1471,111*,25.8,1282,114.74,1,7,2,157,33
SR Watson (AUS),2006-2016,58,56,6,1462,124*,29.24,1006,145.32,1,10,3,115,83
Mahmudullah (BDESH),2007-2019,83,76,16,1430,64*,23.83,1166,122.64,0,4,2,113,48
Shahid Afridi (ICC/PAK),2006-2018,99,91,12,1416,54*,17.92,944,150.0,0,4,8,103,73
Babar Azam (PAK),2016-2019,36,36,8,1405,97*,50.17,1102,127.49,0,12,0,139,20
KJ Coetzer (SCOT),2008-2019,58,56,2,1386,89,25.66,1136,122.0,0,6,3,144,45
KC Sangakkara (SL),2006-2014,56,53,9,1382,78,31.4,1156,119.55,0,8,2,139,20
F du Plessis (SA/World),2012-2019,44,44,6,1363,119,35.86,1006,135.48,1,8,0,126,45
Mohammad Nabi (AFG),2010-2019,75,70,11,1316,89,22.3,902,145.89,0,4,4,83,78
DA Miller (SA/World),2010-2019,72,62,18,1309,101*,29.75,935,140.0,1,2,0,91,57
HM Amla (SA/World),2009-2018,44,44,6,1277,97*,33.6,967,132.05,0,8,2,146,26
Mushfiqur Rahim (BDESH),2006-2019,84,76,13,1265,72*,20.07,1060,119.33,0,5,5,110,31
JC Buttler (ENG),2011-2018,66,58,11,1260,73*,26.8,912,138.15,0,7,3,102,53
RD Berrington (SCOT),2008-2019,61,54,10,1247,100,28.34,967,128.95,1,3,6,117,36
GC Wilson (IRE),2008-2019,78,65,8,1239,65*,21.73,1185,104.55,0,3,4,105,20
Yuvraj Singh (INDIA),2007-2017,58,51,9,1177,77*,28.02,863,136.38,0,8,1,77,74
KP Pietersen (ENG),2005-2013,37,36,5,1176,79,37.93,831,141.51,0,7,1,119,32
MDKJ Perera (SL),2013-2019,42,42,0,1171,84,27.88,867,135.06,0,11,0,114,41
NLTC Perera (ICC/SL/World),2010-2019,79,70,21,1169,61,23.85,767,152.41,0,3,8,87,62
Asghar Afghan (AFG),2010-2019,66,60,4,1167,62,20.83,1102,105.89,0,3,4,69,58
DJ Bravo (WI),2006-2016,66,59,12,1142,66*,24.29,981,116.41,0,4,4,67,49
KL Rahul (INDIA),2016-2019,34,31,5,1138,110*,43.76,777,146.46,2,8,1,102,50
BN Cooper (NL),2013-2019,51,48,9,1094,91*,28.05,890,122.92,0,7,5,96,36
WTS Porterfield (IRE),2008-2018,61,59,6,1079,72,20.35,971,111.12,0,3,5,120,23
KA Pollard (WI),2008-2019,68,58,12,1058,68,23.0,819,129.18,0,4,1,69,61
AD Mathews (SL),2009-2018,72,57,18,1055,81*,27.05,893,118.14,0,5,1,67,35
CS MacLeod (SCOT),2009-2019,49,47,7,1042,74,26.05,905,115.13,0,7,4,93,21
Q de Kock (SA),2012-2019,38,38,5,1018,79*,30.84,787,129.35,0,4,3,117,32
LMP Simmons (WI),2007-2019,49,48,7,990,82*,24.14,848,116.74,0,6,6,92,37
Kamran Akmal (PAK),2006-2017,58,53,6,987,73,21.0,825,119.63,0,5,7,100,31
HG Munsey (SCOT),2015-2019,38,36,3,987,127*,29.9,640,154.21,1,5,4,114,45
Samiullah Shinwari (AFG),2010-2019,62,55,10,985,61,21.88,829,118.81,0,2,2,73,37
CL White (AUS),2007-2014,47,44,14,984,85*,32.8,740,132.97,0,5,3,71,44
GC Smith (SA),2005-2011,33,33,2,982,89*,31.67,770,127.53,0,5,1,123,26
Shaiman Anwar (UAE),2014-2019,32,32,3,971,117*,33.48,770,126.1,1,6,1,75,43
Sabbir Rahman (BDESH),2014-2019,44,43,5,946,80,24.89,783,120.81,0,4,2,89,28
G Gambhir (INDIA),2007-2012,37,36,2,932,75,27.41,783,119.02,0,7,2,109,10
Najibullah Zadran (AFG),2012-2019,57,48,18,918,69*,30.6,663,138.46,0,3,1,60,48
JE Root (ENG),2012-2019,32,30,5,893,90*,35.72,707,126.3,0,5,2,92,16
MP O'Dowd (NL),2015-2019,36,35,2,866,69,26.24,718,120.61,0,6,0,83,19
E Chigumbura (ZIM),2006-2019,54,53,9,852,54*,19.36,597,142.71,0,3,6,58,51
E Lewis (WI),2016-2019,29,28,1,833,125*,30.85,544,153.12,2,5,3,54,67
SC Williams (ZIM),2006-2019,38,38,5,821,66,24.87,630,130.31,0,6,4,75,24
BRM Taylor (ZIM),2006-2019,38,38,5,818,75*,24.78,678,120.64,0,5,5,81,23
Sarfaraz Ahmed (PAK),2010-2019,58,41,12,812,89*,28.0,641,126.67,0,3,2,79,15
LD Chandimal (SL),2010-2018,54,47,4,800,58,18.6,766,104.43,0,4,0,73,16
W Barresi (NL),2012-2019,42,41,6,799,75*,22.82,695,114.96,0,4,3,69,21
Soumya Sarkar (BDESH),2015-2019,46,46,0,791,51,17.19,648,122.06,0,1,8,81,28
A Balbirnie (IRE),2015-2019,37,33,2,790,83,25.48,593,133.22,0,4,3,94,12
Misbah-ul-Haq (PAK),2007-2012,39,34,13,788,87*,37.52,715,110.2,0,3,2,45,26
P Khadka (NEPAL),2014-2019,30,29,3,777,106*,29.88,602,129.06,1,4,3,79,26
ADS Fletcher (WI),2008-2018,42,40,4,765,84*,21.25,707,108.2,0,6,6,54,37
LJ Wright (ENG),2007-2014,51,45,5,759,99*,18.97,554,137.0,0,4,9,68,31
Fakhar Zaman (PAK),2017-2019,34,33,0,756,91,22.9,553,136.7,0,4,2,86,22
DJ Hussey (AUS),2008-2012,39,36,3,756,88*,22.9,623,121.34,0,3,4,41,34
MH Cross (SCOT),2013-2019,43,35,6,755,66*,26.03,593,127.31,0,5,3,77,22
JJ Roy (ENG),2014-2018,32,32,0,743,78,23.21,512,145.11,0,4,4,75,35
SJ Myburgh (NL),2012-2019,33,32,2,741,71*,24.7,635,116.69,0,5,6,82,22
J Charles (WI),2011-2016,34,33,0,724,84,21.93,595,121.68,0,4,4,84,26
MEK Hussey (AUS),2005-2012,38,30,11,721,60*,37.94,529,136.29,0,4,1,58,25
RS Bopara (ENG),2008-2014,38,35,10,711,65*,28.44,599,118.69,0,3,0,54,17
CK Kapugedera (SL),2006-2017,43,38,7,703,50,22.67,591,118.95,0,1,0,58,25
Muhammad Usman (UAE),2016-2019,34,32,5,695,89*,25.74,593,117.2,0,3,3,61,21
CO Obuya (KENYA),2007-2019,35,33,6,691,75*,25.59,649,106.47,0,4,3,47,17
TP Ura (PNG),2015-2019,23,23,5,671,107*,37.27,476,140.96,1,4,0,54,31
JH Kallis (SA),2005-2012,25,23,4,666,73,35.05,558,119.35,0,5,0,56,20
PW Borren (NL),2008-2017,43,38,5,638,57,19.33,524,121.75,0,1,2,60,18
D Ramdin (WI),2006-2019,71,50,16,636,55*,18.7,551,115.42,0,1,3,51,19
ST Jayasuriya (SL),2006-2011,31,30,3,629,88,23.29,487,129.15,0,4,4,76,23
CJ Chibhabha (ZIM),2006-2018,33,32,0,621,67,19.4,570,108.94,0,5,3,72,12
MR Swart (NL),2012-2016,26,25,2,621,89,27.0,537,115.64,0,4,1,53,16
MN Waller (ZIM),2011-2018,32,31,8,613,68,26.65,443,138.37,0,1,2,42,28
Rohan Mustafa (UAE),2014-2019,38,37,1,605,77,16.8,521,116.12,0,2,4,71,17
JM Bairstow (ENG),2011-2019,34,29,6,603,68,26.21,450,134.0,0,3,2,56,25
Jatinder Singh (OMAN),2015-2019,25,25,2,599,68*,26.04,535,111.96,0,3,1,63,6
Salman Butt (PAK),2007-2010,24,23,2,595,74,28.33,551,107.98,0,3,1,66,10
RR Hendricks (SA),2014-2019,22,22,0,593,74,26.95,487,121.76,0,4,2,71,8
DJM Short (AUS),2018-2019,20,20,2,592,76,32.88,490,120.81,0,4,1,66,15
MK Pandey (INDIA),2015-2019,32,27,12,587,79*,39.13,478,122.8,0,2,2,40,16
DJG Sammy (WI/World),2007-2017,68,52,18,587,42*,17.26,398,147.48,0,0,3,45,31
PD Collingwood (ENG/World),2005-2017,36,33,2,583,79,18.8,459,127.01,0,3,3,37,24
DR Smith (WI),2006-2015,33,32,0,582,72,18.18,474,122.78,0,3,1,62,31
SB Styris (NZ),2005-2010,31,29,2,578,66,21.4,483,119.66,0,1,0,40,25
SPD Smith (AUS),2010-2019,36,28,7,577,90,27.47,448,128.79,0,4,1,53,12
Nizakat Khan (HKG),2014-2019,34,32,0,576,62,18.0,478,120.5,0,2,4,51,19
JA Morkel (SA),2005-2015,50,38,11,572,43,21.18,402,142.28,0,0,1,29,39
MJ Lumb (ENG),2010-2014,27,27,1,552,63,21.23,413,133.65,0,3,1,64,21
Zeeshan Maqsood (OMAN),2015-2019,29,25,4,542,56,25.8,481,112.68,0,2,2,66,12
Babar Hayat (HKG),2014-2017,24,24,4,541,122,27.05,433,124.94,1,2,2,45,20
Karim Sadiq (AFG),2010-2018,36,36,0,538,72,14.94,493,109.12,0,1,4,61,10
RN ten Doeschate (NL),2008-2019,22,22,10,533,59,44.41,400,133.25,0,3,1,27,19
C Kieswetter (ENG),2010-2012,25,25,1,526,63,21.91,470,111.91,0,3,2,47,23
RR Patel (KENYA),2008-2019,30,26,4,526,55,23.9,414,127.05,0,3,1,31,31
Hazratullah Zazai (AFG),2016-2019,13,13,1,519,162*,43.25,319,162.69,1,2,1,46,37
F Behardien (SA),2012-2018,38,30,14,518,64*,32.37,404,128.21,0,1,1,37,16
V Sibanda (ZIM),2007-2016,26,26,1,511,59,20.44,503,101.59,0,1,3,52,11
Noor Ali Zadran (AFG),2010-2017,20,20,1,506,63,26.63,497,101.81,0,3,1,45,6
Nawroz Mangal (AFG),2010-2017,32,32,4,505,65*,18.03,453,111.47,0,2,4,42,19
Imran Nazir (PAK),2007-2012,25,24,1,500,72,21.73,370,135.13,0,3,2,59,22
Liton Das (BDESH),2015-2019,25,25,0,497,61,19.88,360,138.05,0,2,2,44,22
Shafiqullah (AFG),2010-2019,46,42,12,494,51*,16.46,340,145.29,0,1,5,35,31
MJ Clarke (AUS),2005-2010,34,28,5,488,67,21.21,473,103.17,0,1,2,29,10
CJ Anderson (NZ),2012-2018,31,24,4,485,94*,24.25,351,138.17,0,2,3,30,26
G Malla (NEPAL),2014-2019,24,23,0,482,107,20.95,389,123.9,1,1,1,46,21
C de Grandhomme (NZ),2012-2019,33,31,7,479,59,19.95,321,149.22,0,3,3,27,29
TP Visee (NL),2015-2019,27,27,0,478,78,17.7,316,151.26,0,3,4,65,17
MS Chapman (HKG/NZ),2014-2018,24,23,2,475,63*,22.61,416,114.18,0,1,0,38,13
JDP Oram (NZ),2005-2012,36,30,7,474,66*,20.6,339,139.82,0,2,3,38,22
GJ Bailey (AUS/World),2012-2017,30,26,7,473,63,24.89,346,136.7,0,2,1,37,20
BKG Mendis (SL),2016-2019,24,24,0,473,79,19.7,353,133.99,0,5,2,40,21
Gulbadin Naib (AFG),2012-2019,45,37,10,472,56*,17.48,393,120.1,0,1,3,33,22
NJ O'Brien (IRE),2008-2016,30,28,2,466,50,17.92,475,98.1,0,1,0,40,7
AD Russell (WI),2011-2018,47,39,13,465,47,17.88,329,141.33,0,0,6,30,32
PM Seelaar (NL),2008-2019,69,40,11,464,96*,16.0,423,109.69,0,1,1,31,8
JEC Franklin (NZ),2006-2013,38,31,8,463,60,20.13,391,118.41,0,2,2,28,23
CR Ervine (ZIM),2010-2019,22,21,1,461,68*,23.05,454,101.54,0,3,1,43,13
A Vala (PNG),2015-2019,26,24,4,460,68,23.0,427,107.72,0,2,0,39,13
DJ Malan (ENG),2017-2019,9,9,1,458,103*,57.25,293,156.31,1,5,0,47,20
JD Ryder (NZ),2008-2014,22,21,1,457,62,22.85,358,127.65,0,3,2,47,18
RE van der Merwe (NL/SA),2009-2019,43,29,12,454,75*,26.7,345,131.59,0,2,4,36,13
Khawar Ali (OMAN),2015-2019,29,28,0,453,50,16.17,482,93.98,0,1,2,48,12
MD Gunathilaka (SL),2016-2019,21,21,0,452,57,21.52,365,123.83,0,2,0,49,12
Mohammad Ashraful (BDESH),2007-2013,23,23,0,450,65,19.56,356,126.4,0,2,2,48,11
Rameez Shahzad (UAE),2016-2019,22,21,3,449,54,24.94,404,111.13,0,1,2,37,13
Usman Ghani (AFG),2015-2019,19,19,1,445,73,24.72,407,109.33,0,3,0,44,12
Younis Khan (PAK),2006-2010,25,23,3,442,51,22.1,364,121.42,0,2,2,31,12
NR Kumar (CAN),2012-2019,18,16,2,434,83,31.0,336,129.16,0,3,1,34,13
MD Shanaka (SL),2015-2019,35,35,7,434,54,15.5,386,112.43,0,1,7,29,24
N Dickwella (SL),2016-2019,23,22,0,429,68,19.5,309,138.83,0,1,2,57,8
Muhammad Tanveer (QAT),2019-2019,15,15,4,428,57*,38.9,331,129.3,0,4,0,36,22
PL Mommsen (SCOT),2012-2016,24,19,7,419,68*,34.91,329,127.35,0,2,1,32,11
Syed Aziz (MAL),2019-2019,14,14,2,415,87,34.58,297,139.73,0,4,2,43,16
RR Pant (INDIA),2017-2019,26,24,4,409,65*,20.45,336,121.72,0,2,3,28,18
Aqib Ilyas (OMAN),2015-2019,22,22,4,408,60,22.66,356,114.6,0,2,1,47,7
TH David (SGP),2019-2019,12,12,1,408,77,37.09,274,148.9,0,2,0,36,17
MG Erasmus (NAM),2019-2019,16,14,3,407,72,37.0,293,138.9,0,4,0,33,20
MW Machan (SCOT),2013-2016,13,13,3,407,67*,40.7,318,127.98,0,3,0,37,7
WU Tharanga (SL),2006-2018,26,26,1,407,47,16.28,330,123.33,0,0,3,42,12
Sikandar Raza (ZIM),2013-2019,32,30,0,406,59,13.53,384,105.72,0,1,0,34,8
EC Joyce (ENG/IRE),2006-2014,18,15,3,405,78*,33.75,431,93.96,0,1,0,30,5
TLW Cooper (NL),2012-2016,18,17,3,404,72*,28.85,306,132.02,0,2,2,38,16
BJ Haddin (AUS),2006-2014,34,29,6,402,47,17.47,351,114.52,0,0,2,30,13
RT Ponting (AUS),2005-2009,17,16,2,401,98*,28.64,302,132.78,0,2,2,41,11
HH Gibbs (SA),2005-2010,23,23,1,400,90*,18.18,318,125.78,0,3,4,45,12
KD Karthik (ICC/INDIA),2006-2019,32,26,14,399,48,33.25,278,143.52,0,0,2,42,15
V Sehwag (INDIA),2006-2012,19,18,0,394,68,21.88,271,145.38,0,2,1,43,16
Abdul Razzaq (PAK),2006-2013,32,29,10,393,46*,20.68,337,116.61,0,0,2,21,21
Rizwan Cheema (CAN),2008-2019,24,24,2,389,72,17.68,314,123.88,0,2,5,33,28
SJ Baard (NAM),2019-2019,13,13,2,387,92,35.18,305,126.88,0,4,1,32,13
AA Obanda (KENYA),2007-2019,30,28,2,381,79,14.65,362,105.24,0,1,5,49,7
CJA Amini (PNG),2015-2019,23,18,4,377,60,26.92,324,116.35,0,2,2,16,13
Mashrafe Mortaza (BDESH),2006-2017,54,39,11,377,36,13.46,277,136.1,0,0,6,28,23
AM Rahane (INDIA),2011-2016,20,20,2,375,61,20.83,331,113.29,0,1,2,32,6
J Rasu (VAN),2019-2019,13,13,0,374,74,28.76,338,110.65,0,2,0,27,16
Hussain Talat (PAK),2018-2019,14,14,1,371,63,28.53,309,120.06,0,2,1,35,5
Nasir Hossain (BDESH),2011-2016,31,24,4,370,50*,18.5,326,113.49,0,2,2,30,7
JW Jenner (JER),2019-2019,17,17,2,365,71,24.33,299,122.07,0,3,2,24,14
PJ Moor (ZIM),2016-2019,21,19,4,364,92*,24.26,286,127.27,0,1,0,22,24
Nasir Jamshed (PAK),2012-2013,18,18,1,363,56,21.35,320,113.43,0,2,1,34,12
NS Dhaliwal (CAN),2019-2019,12,11,2,361,69,40.11,291,124.05,0,3,0,22,16
Sharjeel Khan (PAK),2013-2016,15,15,0,360,59,24.0,262,137.4,0,2,0,48,13
L Ronchi (AUS/ICC/NZ),2008-2018,33,26,6,359,51*,17.95,256,140.23,0,1,5,30,14
R Sandaruwan (KUW),2019-2019,10,10,1,358,103,39.77,216,165.74,1,2,2,29,24
S Bau (PNG),2016-2019,23,17,3,356,40*,25.42,338,105.32,0,0,1,21,11
Anamul Haque (BDESH),2012-2015,13,13,2,355,58,32.27,301,117.94,0,1,1,38,12
KD Shah (HKG),2014-2019,26,22,3,351,79,18.47,340,103.23,0,2,3,26,10
SW Billings (ENG/ICC),2015-2019,26,23,3,348,87,17.4,255,136.47,0,2,1,33,11
S Chandramohan (SGP),2019-2019,12,12,1,348,66,31.63,292,119.17,0,3,3,33,15
OA Shah (ENG),2007-2009,17,15,1,347,55*,24.78,284,122.18,0,1,0,26,13
SO Tikolo (KENYA),2007-2013,15,15,3,345,56*,28.75,281,122.77,0,2,3,46,6
S Chanderpaul (WI),2006-2010,22,22,5,343,41,20.17,347,98.84,0,0,0,34,5
DM Bravo (WI),2010-2019,20,18,1,340,43*,20.0,317,107.25,0,0,3,28,13
JM Vince (ENG),2015-2019,12,12,0,340,59,28.33,275,123.63,0,1,0,34,9
A Symonds (AUS),2005-2009,14,11,4,337,85*,48.14,199,169.34,0,2,2,33,10
N Davin (NAM),2019-2019,16,16,1,335,54,22.33,216,155.09,0,1,1,33,15
SA Edwards (NL),2018-2019,29,22,8,334,42*,23.85,229,145.85,0,0,1,33,6
Asif Ali (PAK),2018-2019,25,24,6,331,41*,18.38,258,128.29,0,0,1,15,19
Faisal Javed (QAT),2019-2019,15,15,0,330,61,22.0,212,155.66,0,2,1,45,11
SR Thompson (IRE),2014-2019,41,30,8,328,56,14.9,254,129.13,0,1,1,23,14
RJ Nicol (NZ),2010-2013,21,19,0,327,58,17.21,296,110.47,0,2,2,33,11
RR Rossouw (SA),2014-2016,15,14,3,327,78,29.72,237,137.97,0,2,2,29,12
Aamir Kaleem (OMAN),2015-2019,25,22,4,325,46*,18.05,306,106.2,0,0,4,26,9
LE Bosman (SA),2006-2010,14,14,1,323,94,24.84,219,147.48,0,3,2,27,20
Anshuman Rath (HKG),2015-2017,20,19,2,321,44,18.88,344,93.31,0,0,1,31,2
N Vanua (PNG),2015-2019,25,22,8,321,54,22.92,211,152.13,0,1,4,12,23
TM Head (AUS),2016-2018,16,15,3,319,48*,26.58,245,130.2,0,0,0,19,10
TL Seifert (NZ),2018-2019,19,18,1,316,84,18.58,228,138.59,0,1,2,22,21
BDH Stevens (JER),2019-2019,17,17,1,316,44,19.75,315,100.31,0,0,1,30,6
GJ Delany (IRE),2019-2019,17,15,3,314,89*,26.16,206,152.42,0,2,0,28,12
N Nipiko (VAN),2019-2019,14,14,2,312,62,26.0,297,105.05,0,2,1,16,13
N Pooran (WI),2016-2019,16,16,3,312,58,24.0,247,126.31,0,2,1,24,17
R Powell (WI),2017-2019,23,18,3,311,54,20.73,250,124.4,0,2,1,26,13
Virandeep Singh (MAL),2019-2019,12,12,0,311,57,25.91,309,100.64,0,1,1,27,7
CR Brathwaite (WI),2011-2019,41,27,6,310,37*,14.76,274,113.13,0,0,3,13,22
HH Pandya (INDIA),2016-2019,40,25,6,310,33*,16.31,210,147.61,0,0,2,18,19
S Vesawkar (NEPAL),2014-2019,17,16,3,310,40,23.84,313,99.04,0,0,0,25,7
ML Hayden (AUS),2005-2007,9,9,3,308,73*,51.33,214,143.92,0,4,0,37,13
NJ Ferraby (JER),2019-2019,14,14,1,303,81*,23.3,257,117.89,0,1,2,38,2
Tamoor Sajjad (QAT),2019-2019,12,11,2,301,68,33.44,216,139.35,0,1,1,24,14
NL McCullum (NZ),2007-2016,63,41,15,299,36*,11.5,297,100.67,0,0,4,19,8
RR Sarwan (WI),2007-2010,18,16,3,298,59,22.92,286,104.19,0,2,1,19,6
L Siaka (PNG),2015-2019,26,22,2,296,39,14.8,271,109.22,0,0,4,26,7
Kamran Khan (QAT),2019-2019,14,14,1,295,52,22.69,220,134.09,0,2,0,26,17
R Mutumbami (ZIM),2015-2019,22,19,4,294,54,19.6,251,117.13,0,1,1,19,15
B Bhandari (NEPAL),2014-2019,27,23,6,292,58*,17.17,262,111.45,0,2,1,23,12
CA Lynn (AUS),2014-2018,18,16,1,291,44,19.4,221,131.67,0,0,1,28,14
HDRL Thirimanne (SL),2012-2016,26,20,2,291,44,16.16,267,108.98,0,0,1,27,5
AN Kervezee (NL),2009-2012,10,10,1,289,58*,32.11,262,110.3,0,2,0,19,6
DS Airee (NEPAL),2018-2019,18,16,2,287,47*,20.5,260,110.38,0,0,0,22,6
IA Karim (KENYA),2013-2019,16,16,3,286,71*,22.0,299,95.65,0,2,2,30,2
A Bagai (CAN),2008-2013,9,9,2,284,67*,40.57,249,114.05,0,2,0,27,0
Mohammad Shahzad (UAE),2015-2017,20,20,2,281,52,15.61,239,117.57,0,1,2,25,11
TC Bruce (NZ),2017-2019,15,15,2,279,59*,21.46,222,125.67,0,2,0,24,7
SO Hetmyer (WI),2018-2019,20,18,1,279,56,16.41,223,125.11,0,1,2,19,17
TAM Siriwardana (SL),2015-2017,22,19,3,275,42,17.18,208,132.21,0,0,4,16,12
AC Gilchrist (AUS),2005-2008,13,13,1,272,48,22.66,192,141.66,0,0,0,27,13
Amjad Javed (UAE),2014-2017,22,18,3,271,76,18.06,242,111.98,0,1,1,17,15
MV Boucher (SA),2005-2010,25,21,6,268,36*,17.86,275,97.45,0,0,0,22,2
Ravinderpal Singh (CAN),2019-2019,12,10,2,266,101,33.25,177,150.28,1,1,1,13,19
PK Matautaava (VAN),2019-2019,10,10,0,265,103,26.5,156,169.87,1,1,2,19,20
SR Taylor (USA),2019-2019,8,8,1,265,72,37.85,207,128.01,0,2,1,28,10
MJ Santner (NZ),2015-2019,39,27,10,263,37,15.47,205,128.29,0,0,3,22,7
Imad Wasim (PAK),2015-2019,41,29,9,261,47,13.05,180,145.0,0,0,6,28,7
DMW Rawlins (BMUDA),2019-2019,11,11,0,261,63,23.72,201,129.85,0,1,1,23,15
Adnan Idrees (KUW),2019-2019,6,6,0,259,80,43.16,157,164.96,0,3,0,35,9
T Taibu (ZIM),2007-2012,17,15,6,259,45*,28.77,257,100.77,0,0,2,19,2
Adnan Ilyas (OMAN),2015-2016,12,11,0,258,54,23.45,218,118.34,0,1,0,16,8
Najeeb Tarakai (AFG),2014-2019,12,12,0,258,90,21.5,210,122.85,0,1,1,21,13
DM de Silva (SL),2015-2019,13,13,0,257,62,19.76,252,101.98,0,1,0,18,4
Manpreet Singh (SGP),2019-2019,12,12,1,255,42,23.18,222,114.86,0,0,0,15,5
SE Marsh (AUS),2008-2016,15,15,1,255,47*,18.21,248,102.82,0,0,2,15,10
RP Burl (ZIM),2018-2019,16,13,3,254,57*,25.4,221,114.93,0,1,0,16,10
HE van der Dussen (SA),2018-2019,9,8,0,254,64,31.75,192,132.29,0,2,1,14,12
Waqas Barkat (HKG),2014-2019,22,20,2,254,37,14.11,286,88.81,0,0,2,20,0
SF Mire (ZIM),2018-2019,9,8,0,253,94,31.62,196,129.08,0,2,0,23,13
GH Dockrell (IRE),2010-2019,73,33,14,251,34*,13.21,207,121.25,0,0,4,14,7
DT Johnston (IRE),2008-2013,30,19,7,249,62,20.75,184,135.32,0,1,1,13,11
RV Uthappa (INDIA),2007-2015,13,12,2,249,50,24.9,211,118.0,0,1,1,26,6
CG Williams (NAM),2019-2019,13,12,3,249,68*,27.66,210,118.57,0,1,1,15,10
JP Kotze (NAM),2019-2019,12,12,1,245,101*,22.27,193,126.94,1,0,1,21,13
Mohamed Rishwan (Mald),2019-2019,11,10,0,245,67,24.5,245,100.0,0,2,0,22,10
CN Ackermann (NL),2019-2019,11,11,3,243,43*,30.37,196,123.97,0,0,0,18,5
Muhammad Kashif (KUW),2019-2019,10,9,4,242,53,48.4,215,112.55,0,2,0,14,13
UT Khawaja (AUS),2016-2016,9,9,0,241,58,26.77,182,132.41,0,1,0,31,5
MA Leask (SCOT),2013-2019,31,22,2,240,58,12.0,199,120.6,0,1,2,16,12
SW Poynter (IRE),2015-2019,25,21,6,240,39,16.0,213,112.67,0,0,0,22,6
Aizaz Khan (HKG),2014-2019,30,27,7,239,31,11.95,234,102.13,0,0,4,19,4
MS Wade (AUS),2011-2016,26,17,5,239,72,19.91,218,109.63,0,1,0,11,9
Ashfaq Ahmed (UAE),2018-2019,12,12,0,238,75,19.83,185,128.64,0,3,2,32,6
SD Hope (WI),2017-2019,13,11,0,238,55,21.63,175,136.0,0,2,1,24,10
J Mubarak (SL),2007-2009,16,15,4,238,46*,21.63,188,126.59,0,0,2,21,8
Khalid Latif (PAK),2008-2016,13,13,2,237,59*,21.54,229,103.49,0,1,1,25,6
RE Levi (SA),2012-2012,13,13,2,236,117*,21.45,167,141.31,1,1,3,20,15
YK Pathan (INDIA),2007-2012,22,18,5,236,37*,18.15,161,146.58,0,0,3,11,17
MM Ali (ENG),2014-2018,25,22,6,235,72*,14.68,198,118.68,0,1,6,21,9
F Damiao Couana (Moz),2019-2019,7,7,1,233,71*,38.83,179,130.16,0,1,0,16,14
ES Szwarczynski (NL),2008-2013,14,12,1,233,45,21.18,243,95.88,0,0,0,22,2
HT Tector (IRE),2019-2019,14,12,3,233,60,25.88,176,132.38,0,1,0,20,5
BA Stokes (ENG),2011-2018,23,20,5,232,38,15.46,178,130.33,0,0,1,20,9
H Gori (CZK-R),2019-2019,7,7,0,231,66,33.0,176,131.25,0,1,0,23,12
JF Mooney (IRE),2009-2015,27,23,9,231,31*,16.5,214,107.94,0,0,0,25,1
AR Cusack (IRE),2008-2015,37,21,6,229,65,15.26,177,129.37,0,1,1,17,6
Mohammed Rizlan (QAT),2019-2019,15,12,5,229,38*,32.71,218,105.04,0,0,0,14,10
Aftab Ahmed (BDESH),2006-2010,11,11,1,228,62*,22.8,178,128.08,0,1,0,26,6
T Mishra (KENYA),2007-2013,15,15,0,227,38,15.13,263,86.31,0,0,2,15,4
Rahmanullah Gurbaz (AFG),2019-2019,7,7,0,227,79,32.42,164,138.41,0,2,2,19,13
C Bisson (JER),2019-2019,14,14,2,226,54,18.83,177,127.68,0,1,3,24,5
SS Iyer (INDIA),2017-2019,14,13,3,226,62,22.6,178,126.96,0,1,1,18,9
I Udana (SL),2009-2019,27,19,9,226,84*,22.6,152,148.68,0,1,2,15,13
DAS Gunaratne (SL),2016-2017,12,12,3,225,84*,25.0,178,126.4,0,2,2,19,6
Inam-ul-Haq (QAT),2019-2019,11,11,2,225,73*,25.0,205,109.75,0,1,1,28,2
GSNFG Jayasuriya (SL),2015-2019,16,14,0,225,40,16.07,203,110.83,0,0,0,17,8
Shafiq Sharif (MAL),2019-2019,10,10,0,225,53,22.5,171,131.57,0,1,2,32,5
MN van Wyk (SA),2007-2015,8,7,1,225,114*,37.5,157,143.31,1,1,0,19,14
CAK Walton (WI),2014-2018,19,17,0,225,40,13.23,203,110.83,0,0,5,23,11
DG Blampied (JER),2019-2019,17,15,6,221,43*,24.55,222,99.54,0,0,1,14,0
Sohaib Maqsood (PAK),2013-2016,20,18,2,221,37,13.81,201,109.95,0,0,2,15,8
H Patel (CAN),2010-2013,11,11,1,220,88*,22.0,218,100.91,0,1,2,19,2
TG Southee (NZ),2008-2019,66,30,12,220,39,12.22,150,146.66,0,0,4,14,15
AD Poynter (IRE),2012-2016,19,14,3,219,57,19.9,184,119.02,0,1,1,21,8
Tanwir Afzal (HKG),2014-2016,21,18,2,219,56,13.68,173,126.58,0,1,4,9,15
TT Bresnan (ENG),2006-2014,34,22,9,216,47*,16.61,170,127.05,0,0,3,16,6
CJ Jordan (ENG),2014-2019,43,25,11,216,36,15.42,166,130.12,0,0,2,16,11
DO Obuya (KENYA),2007-2012,10,10,2,216,65*,27.0,228,94.73,0,2,1,22,4
MJG Rippon (NL),2013-2018,18,11,4,216,42,30.85,192,112.5,0,0,2,15,3
KMDN Kulasekara (SL),2008-2017,58,30,9,215,31,10.23,184,116.84,0,0,4,14,7
EMDY Munaweera (SL),2012-2017,13,13,1,215,53,17.91,164,131.09,0,1,1,25,7
B Ward (JER),2019-2019,13,12,3,215,58*,23.88,160,134.37,0,1,1,8,15
S Prasanna (SL),2013-2017,20,20,6,214,37*,15.28,161,132.91,0,0,0,13,13
S Wickramasekara (CZK-R),2019-2019,5,5,2,214,104*,71.33,104,205.76,1,1,0,17,19
RG Aga (KENYA),2008-2013,20,18,2,213,52*,13.31,196,108.67,0,1,0,15,5
Haroon Arshad (HKG),2019-2019,10,10,3,211,68,30.14,154,137.01,0,1,0,15,7
Haris Sohail (PAK),2013-2019,14,13,2,210,52,19.09,204,102.94,0,2,1,16,3
CA Ingram (SA),2010-2012,9,9,1,210,78,26.25,162,129.62,0,1,1,23,7
Khurram Nawaz (OMAN),2017-2019,18,13,3,210,58,21.0,179,117.31,0,1,0,11,10
Bilal Zalmai (Aut),2019-2019,5,4,1,208,111*,69.33,109,190.82,1,0,0,16,16
Ghulam Shabber (UAE),2016-2019,17,14,3,208,58*,18.9,182,114.28,0,1,0,24,4
BBJL Perera (ITA),2019-2019,8,7,1,208,67,34.66,144,144.44,0,1,0,23,8
BMAJ Mendis (SL),2011-2018,22,15,4,207,43*,18.81,174,118.96,0,0,1,18,6
JJ Smit (NAM),2019-2019,12,10,2,206,59,25.75,128,160.93,0,1,0,10,14
DL Vettori (NZ),2007-2014,34,22,6,205,38,12.81,190,107.89,0,0,3,14,2
JM Kemp (SA),2005-2007,8,7,3,203,89*,50.75,160,126.87,0,1,0,17,10
DS Smith (WI),2007-2009,6,6,0,203,61,33.83,161,126.08,0,2,0,22,5
Ahmed Faiz (MAL),2019-2019,10,10,1,202,45,22.44,179,112.84,0,0,0,14,6
JJ Atkinson (HKG),2014-2016,13,12,0,202,53,16.83,187,108.02,0,1,3,22,6
R Gunasekera (CAN),2012-2013,8,8,0,202,65,25.25,188,107.44,0,1,0,23,4
J Botha (SA),2006-2012,40,20,9,201,34,18.27,165,121.81,0,0,1,15,9
J Butler (GUE),2019-2019,9,8,1,201,65*,28.71,214,93.92,0,1,0,20,1
KS Leverock (BMUDA),2019-2019,12,12,2,201,43*,20.1,165,121.81,0,0,3,16,11
DM Gondaria (KENYA),2013-2019,11,9,2,199,85*,28.42,157,126.75,0,1,0,12,6
R Panchal (ESP),2019-2019,9,8,3,199,71*,39.8,185,107.56,0,1,0,9,7
Sompal Kami (NEPAL),2014-2019,28,19,6,198,40,15.23,176,112.5,0,0,1,15,7
Sohail Tanvir (PAK),2007-2017,57,25,8,196,41,11.52,164,119.51,0,0,2,16,9
Yasir Ali (ESP),2019-2019,9,9,3,196,57,32.66,183,107.1,0,1,1,11,9
Aarif Sheikh (NEPAL),2018-2019,11,10,2,194,39*,24.25,181,107.18,0,0,0,18,4
Fawad Alam (PAK),2007-2010,24,17,6,194,28,17.63,169,114.79,0,0,1,7,7
Asad Shafiq (PAK),2010-2012,10,10,0,192,38,19.2,185,103.78,0,0,0,19,2
S Davizi (CZK-R),2019-2019,2,2,0,192,101,96.0,133,144.36,1,1,0,14,10
Mukhtar Ahmed (PAK),2015-2015,6,6,0,192,83,32.0,134,143.28,0,2,0,23,5
R Rohan (SGP),2019-2019,10,10,0,191,49,19.1,156,122.43,0,0,1,23,6
Ahmed Hassan (Mald),2019-2019,11,10,0,189,53,18.9,192,98.43,0,1,0,18,2
SR Patel (ENG),2011-2013,18,14,2,189,67,15.75,173,109.24,0,1,2,17,5
IR Bell (ENG),2006-2014,8,8,1,188,60*,26.85,163,115.33,0,1,0,23,2
CD McMillan (NZ),2005-2007,8,7,1,187,57,31.16,117,159.82,0,1,0,8,14
SP Patil (UAE),2014-2016,18,13,0,187,37,14.38,218,85.77,0,0,3,16,4
JDS Neesham (NZ),2012-2019,18,15,4,185,42,16.81,131,141.22,0,0,1,19,8
Umar Adam (Mald),2019-2019,11,10,1,185,53,20.55,149,124.16,0,1,1,19,6
BJ Hodge (AUS),2007-2014,15,11,4,183,36,26.14,144,127.08,0,0,0,9,7
XM Marshall (USA/WI),2008-2019,13,13,0,183,36,14.07,185,98.91,0,0,2,13,6
Mosaddek Hossain (BDESH),2016-2019,14,13,4,183,34*,20.33,173,105.78,0,0,1,10,5
Mohammad Rizwan (PAK),2015-2019,16,13,2,180,33*,16.36,184,97.82,0,0,1,14,2
C Tommy (VAN),2019-2019,12,11,0,180,47,16.36,191,94.24,0,0,2,6,8
CAJ Meschede (GER),2019-2019,5,5,1,179,67,44.75,115,155.65,0,1,1,9,14
Nazimuddin (BDESH),2007-2008,7,7,0,178,81,25.42,158,112.65,0,1,2,13,10
Kaleem Shah (Moz),2019-2019,7,7,1,176,72*,29.33,170,103.52,0,1,1,21,4
Mohammad Naveed (UAE),2015-2019,31,24,10,176,27*,12.57,147,119.72,0,0,3,17,8
MR Marsh (AUS),2011-2018,11,11,3,175,36,21.87,151,115.89,0,0,0,7,9
LPC Silva (SL),2006-2011,16,15,2,175,38,13.46,177,98.87,0,0,0,19,3
NN Odhiambo (KENYA),2007-2013,24,20,2,174,41,9.66,177,98.3,0,0,3,17,4
L Vincent (NZ),2006-2007,9,9,0,174,42,19.33,174,100.0,0,0,1,17,3
Karan KC (NEPAL),2015-2019,25,16,5,173,40*,15.72,126,137.3,0,0,2,9,12
Nouman Sarwar (QAT),2019-2019,14,9,6,172,47*,57.33,128,134.37,0,0,1,16,6
IK Pathan (INDIA),2006-2012,24,14,7,172,33*,24.57,144,119.44,0,0,0,9,7
HAM Shah (DEN),2019-2019,9,8,0,172,40,21.5,168,102.38,0,0,0,18,2
GD Elliott (NZ/World),2009-2017,17,15,4,171,27,15.54,157,108.91,0,0,0,12,2
Simi Singh (IRE),2018-2019,18,17,2,169,57*,11.26,144,117.36,0,1,5,12,6
M Vijay (INDIA),2010-2015,9,9,0,169,48,18.77,154,109.74,0,0,1,13,8
ME Trescothick (ENG),2005-2006,3,3,0,166,72,55.33,131,126.71,0,2,0,23,1
DJ Willey (ENG),2015-2019,28,19,7,166,29*,13.83,126,131.74,0,0,1,8,10
Umar Gul (PAK),2007-2016,60,27,9,165,32,9.16,156,105.76,0,0,6,11,10
Tarun Sharma (Mex),2019-2019,8,8,1,164,49*,23.42,160,102.5,0,0,1,12,6
TN de Grooth (NL),2008-2013,15,13,5,163,49,20.37,155,105.16,0,0,0,16,1
RA Jadeja (INDIA),2009-2019,46,22,8,163,25,11.64,165,98.78,0,0,2,7,4
TWM Latham (NZ),2012-2017,13,10,0,163,39,16.3,157,103.82,0,0,0,12,2
PD Hennessy (ESP),2019-2019,8,7,0,162,71,23.14,132,122.72,0,1,1,11,7
H Davids (SA),2012-2013,9,9,0,161,68,17.88,134,120.14,0,2,2,18,4
NMS Param (SGP),2019-2019,8,7,2,160,72*,32.0,118,135.59,0,1,0,12,6
RW Chakabva (ZIM),2008-2019,12,12,1,159,48,14.45,134,118.65,0,0,4,12,7
JP Faulkner (AUS),2012-2017,24,18,7,159,41*,14.45,138,115.21,0,0,0,7,5
MC Henriques (AUS),2009-2017,11,8,3,159,62*,31.8,122,130.32,0,2,0,8,7
Junaid Siddique (BDESH),2007-2012,7,7,0,159,71,22.71,108,147.22,0,1,1,16,7
A Mansale (VAN),2019-2019,14,14,0,159,38,11.35,151,105.29,0,0,4,14,5
Mohamed Arief (MAL),2019-2019,5,5,1,159,52*,39.75,114,139.47,0,1,0,18,4
RR Watson (SCOT),2007-2010,10,9,0,159,54,17.66,141,112.76,0,1,1,22,1
JL Ontong (SA),2008-2015,14,10,0,158,48,15.8,109,144.95,0,0,1,6,11
Mudassar Bukhari (NL),2008-2016,38,26,8,157,28*,8.72,152,103.28,0,0,1,10,4
HL Carlyon (JER),2019-2019,9,8,0,156,50,19.5,131,119.08,0,1,1,21,3
H Klaasen (SA),2018-2019,9,9,2,156,69,22.28,107,145.79,0,1,0,8,11
SP Narine (WI),2012-2019,51,23,8,155,30,10.33,138,112.31,0,0,2,13,5
NA Greenwood (JER),2019-2019,8,8,0,154,43,19.25,128,120.31,0,0,1,15,2
MR Adair (IRE),2019-2019,17,14,4,152,38,15.2,118,128.81,0,0,1,8,7
NG Collins (Fin),2019-2019,5,5,0,151,56,30.2,164,92.07,0,2,0,10,0
HD Rutherford (NZ),2013-2019,8,7,0,151,62,21.57,105,143.8,0,1,1,12,9
NM Coulter-Nile (AUS),2013-2019,28,15,4,150,34,13.63,120,125.0,0,0,3,10,10
Iftikhar Ahmed (PAK),2016-2019,6,6,4,150,62*,75.0,104,144.23,0,1,0,14,4
Rashid Khan (AFG/ICC),2015-2019,45,22,11,149,33,13.54,124,120.16,0,0,4,9,9
VB Chikkannaiah (GER),2019-2019,7,7,1,148,70*,24.66,167,88.62,0,1,0,10,2
WIA Fernando (SL),2019-2019,10,10,0,148,37,14.8,156,94.87,0,0,1,9,3
O Bascome (BMUDA),2019-2019,11,11,0,147,37,13.36,147,100.0,0,0,1,12,8
CD Wallace (SCOT),2012-2019,19,14,6,146,27,18.25,122,119.67,0,0,1,14,2
Karim Janat (AFG),2016-2019,21,13,2,145,26,13.18,140,103.57,0,0,2,11,6
Wahab Riaz (PAK),2008-2019,31,17,6,145,30*,13.18,118,122.88,0,0,2,10,6
M Klinger (AUS),2017-2017,3,3,0,143,62,47.66,112,127.67,0,1,0,12,2
Mohammad Naim (BDESH),2019-2019,3,3,0,143,81,47.66,107,133.64,0,1,0,17,3
Ehsan Khan (HKG),2016-2019,15,10,6,142,42*,35.5,128,110.93,0,0,0,9,7
KMA Paul (WI),2018-2019,18,12,5,142,29,20.28,123,115.44,0,0,0,8,8
Umar Amin (PAK),2013-2018,14,9,0,142,47,15.77,123,115.44,0,0,3,15,4
Faran Afzal (ESP),2019-2019,9,8,1,141,59*,20.14,140,100.71,0,1,0,11,6
Sarfaraz Ali (BAH),2019-2019,4,4,0,141,59,35.25,87,162.06,0,1,0,17,8
S Periyalwar (ROM),2019-2019,4,4,2,140,105*,70.0,91,153.84,1,0,1,15,6
GD Phillips (NZ),2017-2018,11,10,1,140,56,15.55,140,100.0,0,1,0,9,5
S Pokhriyal (CZK-R),2019-2019,5,4,0,140,79,35.0,131,106.87,0,1,0,23,2
Riazat Ali Shah (UGA),2019-2019,4,4,2,140,53*,70.0,108,129.62,0,1,0,8,8
AC Voges (AUS),2007-2013,7,5,2,139,51,46.33,114,121.92,0,1,0,8,2
AC Douglas (BMUDA),2019-2019,10,9,1,138,47*,17.25,131,105.34,0,0,0,10,8
LB Ferbrache (GUE),2019-2019,9,8,0,138,55,17.25,142,97.18,0,1,0,6,3
IJL Trott (ENG),2007-2010,7,7,1,138,51,23.0,144,95.83,0,1,0,9,3
KD Mills (NZ),2005-2014,42,19,7,137,33*,11.41,123,111.38,0,0,4,11,5
HH Patel (MWI),2019-2019,7,6,1,137,44*,27.4,104,131.73,0,0,0,17,3
R Tari (VAN),2019-2019,14,14,5,137,28,15.22,117,117.09,0,0,2,6,5
DF Watts (SCOT),2007-2012,11,9,0,137,46,15.22,127,107.87,0,0,2,13,3
AR White (IRE),2008-2012,18,12,6,137,29,22.83,128,107.03,0,0,0,12,2
Yusuf Ebrahim (PNM),2019-2019,3,3,1,137,72,68.5,97,141.23,0,1,0,14,5
MP Stoinis (AUS),2015-2019,19,14,5,136,33*,15.11,117,116.23,0,0,1,14,2
Faisal Khan (Saudi),2019-2019,4,4,1,134,83*,44.66,56,239.28,0,1,1,13,10
N Pathan (THAI),2019-2019,4,4,1,134,54*,44.66,106,126.41,0,1,0,8,7
Faheem Ashraf (PAK),2017-2019,27,18,6,133,21,11.08,110,120.9,0,0,4,7,8
CH Morris (SA),2012-2019,23,13,4,133,55*,14.77,102,130.39,0,1,3,12,5
Awais Ahmed (ESP),2019-2019,9,4,2,131,102*,65.5,101,129.7,1,0,0,6,6
GEF Barnett (CAN),2008-2010,5,5,1,131,36,32.75,136,96.32,0,0,0,16,0
PBB Rajapaksa (SL),2019-2019,5,5,1,131,77,32.75,95,137.89,0,1,0,7,9
AC Botha (IRE),2008-2010,14,11,1,130,38,13.0,141,92.19,0,0,2,12,1
DDP D'Silva (UAE),2019-2019,10,8,4,130,29,32.5,146,89.04,0,0,1,9,0
SS McKechnie (HKG),2019-2019,10,10,3,130,44,18.57,137,94.89,0,0,1,9,1
Naeem Islam (BDESH),2008-2013,10,10,1,130,28,14.44,114,114.03,0,0,0,8,7
CT Mutombodzi (ZIM),2013-2019,13,12,3,129,32,14.33,133,96.99,0,0,2,9,2
SL Malinga (SL),2006-2019,79,30,12,128,27,7.11,153,83.66,0,0,6,9,4
Mirwais Ashraf (AFG),2010-2016,25,19,8,128,28*,11.63,115,111.3,0,0,2,5,8
HR Walsh (USA/WI),2019-2019,13,9,1,128,28,16.0,129,99.22,0,0,0,8,3
CK Coventry (ZIM),2010-2015,13,12,2,127,30,12.7,90,141.11,0,0,2,14,6
PG Fulton (NZ),2006-2012,12,12,1,127,25,11.54,140,90.71,0,0,2,7,6
MA Ouma (KENYA),2007-2013,22,19,1,127,19,7.05,160,79.37,0,0,3,15,1
MJ Prior (ENG),2007-2010,10,8,2,127,32,21.16,100,127.0,0,0,1,11,5
MWR Stokes (GUE),2019-2019,9,7,0,127,29,18.14,152,83.55,0,0,0,10,0
Najjam Shahzad (PORT),2019-2019,4,3,2,126,53*,126.0,97,129.89,0,1,0,4,10
AJ Redmond (NZ),2009-2010,7,6,0,126,63,21.0,84,150.0,0,1,0,19,2
JT Smuts (SA),2017-2018,8,8,0,126,45,15.75,114,110.52,0,0,1,14,5
AT Carey (AUS),2018-2019,25,13,4,125,37*,13.88,101,123.76,0,0,0,10,4
Amir Mangal (GER),2019-2019,9,9,3,124,40,20.66,78,158.97,0,0,0,10,8
Mohammed Asghar (KUW),2019-2019,4,4,0,124,45,31.0,91,136.26,0,0,0,13,5
S Muniandy (MAL),2019-2019,15,13,4,124,27,13.77,103,120.38,0,0,2,7,7
BA Pai (GIBR),2019-2019,4,4,0,124,52,31.0,141,87.94,0,1,0,6,1
RJ Peterson (SA),2006-2014,21,12,4,124,34,15.5,113,109.73,0,0,1,13,2
R Ashwin (INDIA),2010-2017,46,11,7,123,31*,30.75,115,106.95,0,0,0,14,1
AD Mascarenhas (ENG),2007-2009,14,13,5,123,31,15.37,100,123.0,0,0,3,8,5
SM Sharif (SCOT),2012-2019,42,18,9,123,26,13.66,100,123.0,0,0,2,8,3
AW Hawkins-Kay (JER),2019-2019,16,13,5,122,27*,15.25,136,89.7,0,0,1,8,0
KM Jadhav (INDIA),2015-2017,9,6,0,122,58,20.33,99,123.23,0,1,0,12,3
Muhamad Syahadat (MAL),2019-2019,10,9,3,122,41*,20.33,102,119.6,0,0,0,9,6
CN Onwuzulike (NGA),2019-2019,9,9,1,122,46*,15.25,126,96.82,0,0,2,5,5
Shadab Khan (PAK),2017-2019,38,14,5,122,29,13.55,96,127.08,0,0,2,6,6
DAJ Bracewell (NZ),2011-2019,18,10,5,121,44,24.2,83,145.78,0,0,2,6,9
KH Pandya (INDIA),2018-2019,18,9,4,121,26*,24.2,92,131.52,0,0,0,8,6
DR Martyn (AUS),2005-2006,4,4,0,120,96,30.0,74,162.16,0,1,0,11,5
Imrul Kayes (BDESH),2010-2017,14,13,0,119,36,9.15,134,88.8,0,0,4,14,3
AA Onikoyi (NGA),2019-2019,9,8,0,119,49,14.87,144,82.63,0,0,1,8,4
SCJ Broad (ENG),2006-2014,56,26,10,118,18*,7.37,118,100.0,0,0,2,7,3
Sajid Cheema (Saudi),2019-2019,5,5,0,118,47,23.6,97,121.64,0,0,0,12,5
JE Taylor (WI),2006-2018,30,15,6,118,21,13.11,92,128.26,0,0,1,10,6
Mehran Khan (OMAN),2015-2019,19,13,2,117,29,10.63,106,110.37,0,0,1,7,5
Mohammad Mithun (BDESH),2014-2019,14,10,0,117,47,11.7,125,93.6,0,0,2,9,4
Naseem Khushi (OMAN),2017-2019,10,8,2,117,29,19.5,77,151.94,0,0,2,6,8
H Singh (GER),2019-2019,7,6,3,117,44*,39.0,102,114.7,0,0,0,6,3
Ziaur Rahman (BDESH),2012-2014,14,12,3,117,40*,13.0,91,128.57,0,0,3,3,10
Aritra Dutta (SGP),2019-2019,8,8,0,116,33,14.5,114,101.75,0,0,0,8,5
Shahzaib Hasan (PAK),2009-2010,10,10,0,116,35,11.6,130,89.23,0,0,3,13,3
K Motlhanka (Botsw),2019-2019,7,7,0,115,59,16.42,123,93.49,0,1,0,11,2
Sami Sohail (MWI),2019-2019,7,5,4,115,33*,115.0,97,118.55,0,0,0,10,2
K Dasan (),2019-2019,3,3,0,114,74,38.0,108,105.55,0,1,0,10,2
S Kaveri (Mex),2019-2019,7,6,1,114,43,22.8,146,78.08,0,0,0,9,1
WD Parnell (SA),2009-2017,40,13,9,114,29*,28.5,96,118.75,0,0,0,10,3
Chirag Suri (UAE),2018-2019,7,7,1,113,44*,18.83,121,93.38,0,0,0,10,2
DL Maddy (ENG),2007-2007,4,4,0,113,50,28.25,80,141.25,0,1,0,12,3
M Abdulla (MWI),2019-2019,5,5,2,112,42*,37.33,100,112.0,0,0,0,11,2
Fiaz Ahmed (BAH),2019-2019,4,4,2,112,62*,56.0,72,155.55,0,1,1,6,8
SP Khakurel (NEPAL),2014-2015,8,8,0,112,56,14.0,139,80.57,0,1,0,10,1
JS Malhotra (USA),2019-2019,6,6,0,112,38,18.66,104,107.69,0,0,0,12,2
Mohammad Boota (UAE),2019-2019,16,12,4,112,20*,14.0,100,112.0,0,0,1,7,5
Mudassar Muhammad (GER),2019-2019,7,7,0,112,30,16.0,135,82.96,0,0,0,5,3
AP Devcich (NZ),2013-2014,4,4,0,111,59,27.75,79,140.5,0,1,0,17,2
JO Holder (WI),2014-2019,17,11,2,111,26*,12.33,84,132.14,0,0,2,10,4
Imran Ali Butt (BAH),2019-2019,4,4,0,111,58,27.75,101,109.9,0,2,2,5,6
JNK Shannon (IRE),2013-2018,8,8,0,111,60,13.87,84,132.14,0,1,1,12,5
SP Fleming (NZ),2005-2006,5,5,0,110,38,22.0,85,129.41,0,0,0,20,0
A Lark (Aut),2019-2019,5,4,0,110,43,27.5,121,90.9,0,0,1,15,0
Anwar Ali (PAK),2008-2016,16,11,4,109,46,15.57,77,141.55,0,0,0,6,6
MG Johnson (AUS),2007-2013,30,17,7,109,28*,10.9,95,114.73,0,0,2,8,3
T van der Gugten (NL),2012-2019,39,11,4,109,40*,15.57,81,134.56,0,0,1,4,6
Harbhajan Singh (INDIA),2006-2016,28,13,5,108,21,13.5,87,124.13,0,0,1,11,4
Mohammad Saifuddin (BDESH),2017-2019,13,9,3,108,39*,18.0,95,113.68,0,0,0,9,3
B Zuiderent (NL),2009-2010,6,6,1,108,43*,21.6,124,87.09,0,0,0,8,1
OGL Bascome (BMUDA),2019-2019,11,11,1,107,22,10.7,117,91.45,0,0,0,12,3
SO Ngoche (KENYA),2010-2019,28,18,5,107,38,8.23,118,90.67,0,0,2,5,4
GJ Thompson (IRE),2016-2019,10,8,1,107,44,15.28,108,99.07,0,0,2,14,1
V Vijh (LUX),2019-2019,4,4,2,107,64*,53.5,119,89.91,0,1,0,13,1
K Doriga (PNG),2019-2019,17,11,1,106,43*,10.6,103,102.91,0,0,0,3,3
NA Maiolo (ITA),2019-2019,8,7,1,106,39*,17.66,104,101.92,0,0,0,11,2
MD Dai (PNG),2015-2017,9,8,0,105,31,13.12,128,82.03,0,0,0,4,0
OJ Hairs (SCOT),2019-2019,8,8,1,105,26,15.0,64,164.06,0,0,2,4,10
JR Hopes (AUS),2005-2010,12,7,2,105,30,21.0,98,107.14,0,0,0,7,1
ND Laegsgaard (DEN),2019-2019,9,8,1,105,39,15.0,96,109.37,0,0,0,11,2
M Mosehle (SA),2017-2017,7,6,1,105,36,21.0,65,161.53,0,0,0,6,9
Meet Bhavsar (KUW),2019-2019,9,7,1,104,38,17.33,88,118.18,0,0,0,10,1
LA Dunbar (Serb),2019-2019,2,2,1,104,104*,104.0,62,167.74,1,0,1,5,10
Sultan Ahmed (OMAN),2015-2017,17,12,3,104,37*,11.55,83,125.3,0,0,3,14,0
GP Swann (ENG),2008-2012,39,16,11,104,34,20.8,89,116.85,0,0,2,9,1
SM Davies (ENG),2009-2011,5,5,0,102,33,20.4,82,124.39,0,0,0,12,0
Rehman Abdul (ITA),2019-2019,7,5,3,102,37*,51.0,103,99.02,0,0,0,7,3
Suraj Kumar (OMAN),2019-2019,13,9,2,102,42*,14.57,89,114.6,0,0,0,9,3
LJ Tucker (IRE),2016-2019,14,11,1,102,22*,10.2,99,103.03,0,0,1,10,1
Ammad Uddin (BAH),2019-2019,4,4,1,101,40*,33.66,53,190.56,0,0,0,11,5
MNR Cooray (Mald),2019-2019,4,3,1,101,56*,50.5,77,131.16,0,1,0,12,3
S Jora (NEPAL),2019-2019,6,6,1,101,53*,20.2,83,121.68,0,1,1,5,4
AV Lalcheta (OMAN),2015-2019,17,10,2,101,20,12.62,82,123.17,0,0,0,9,4
B Lee (AUS),2005-2012,25,12,6,101,43*,16.83,71,142.25,0,0,2,9,4
Mohammed Nurji (MWI),2019-2019,6,5,3,101,36,50.5,59,171.18,0,0,0,8,6
T Perera (Botsw),2019-2019,6,6,0,101,30,16.83,127,79.52,0,0,0,16,0
V Shankar (INDIA),2018-2019,9,4,0,101,43,25.25,73,138.35,0,0,0,11,5
S Dhaniram (CAN),2008-2010,11,9,0,100,26,11.11,123,81.3,0,0,0,6,2
Hamza Tariq (CAN),2013-2019,15,11,1,100,33,10.0,82,121.95,0,0,2,4,5
T Maruma (ZIM),2008-2019,13,13,4,100,23*,11.11,109,91.74,0,0,1,6,4
BS Stephenson (Blz),2019-2019,3,3,0,100,48,33.33,72,138.88,0,0,0,9,7
BR Dunk (AUS),2014-2017,5,5,0,99,32,19.8,69,143.47,0,0,0,8,6
BFW de Leede (NL),2018-2019,8,7,1,98,33,16.33,114,85.96,0,0,0,4,2
Irfan Bhima (MWI),2019-2019,4,4,0,98,52,24.5,88,111.36,0,1,2,13,2
Janak Prakash (SGP),2019-2019,12,11,3,98,25*,12.25,78,125.64,0,0,2,9,3
BR McDermott (AUS),2018-2019,12,10,3,98,32*,14.0,105,93.33,0,0,2,6,2
TK Musakanda (ZIM),2018-2018,6,6,0,98,43,16.33,80,122.5,0,0,2,7,2
Amir Ali (OMAN),2015-2016,10,8,3,97,32*,19.4,65,149.23,0,0,0,11,2
BOP Fernando (SL),2019-2019,3,3,1,97,78*,48.5,73,132.87,0,1,0,10,3
DJ Mitchell (NZ),2019-2019,9,9,3,97,30*,16.16,79,122.78,0,0,0,5,4
Muhammad Kaleem (UAE),2016-2016,9,9,0,97,50,10.77,116,83.62,0,1,1,9,3
Aminuddin Ramly (MAL),2019-2019,10,9,2,97,33,13.85,59,164.4,0,0,1,3,9
AM Samad (CAN),2008-2010,7,6,0,97,29,16.16,88,110.22,0,0,1,8,4
S Samarawickrama (SL),2017-2019,7,7,0,97,32,13.85,93,104.3,0,0,1,9,0
AJ Staal (NL),2019-2019,9,8,2,97,28*,16.16,79,122.78,0,0,2,5,5
GM Strydom (Caym),2019-2019,6,6,0,97,49,16.16,89,108.98,0,0,2,6,5
Zaheer Ibrahim (QAT),2019-2019,13,11,3,97,27*,12.12,89,108.98,0,0,2,7,5
Ahmed Raza (UAE),2014-2019,36,14,7,96,22,13.71,123,78.04,0,0,1,2,4
RS Morton (WI),2006-2010,7,7,1,96,40,16.00,103,93.2,0,0,1,8,2
Razmal Shigiwal (Aut),2019-2019,4,3,0,96,53,32.00,78,123.07,0,1,0,3,8
ML Udawatte (SL),2008-2017,8,8,0,96,25,12.00,87,110.34,0,0,2,10,2
MH Yardy (ENG),2006-2011,14,8,5,96,35*,32.00,72,133.33,0,0,3,9,1
TM Odoyo (KENYA),2007-2013,11,10,0,95,22,9.50,119,79.83,0,0,1,6,2
NS Poonia (SCOT),2007-2010,8,7,2,95,38*,19.00,108,87.96,0,0,2,3,1
Shamsudheen Purat (Saudi),2019-2019,3,3,1,95,88*,47.50,53,179.24,0,1,1,8,7
HJ Jordaan (THAI),2019-2019,4,4,1,94,37*,31.33,107,87.85,0,0,0,8,0
Mehidy Hasan Miraz (BDESH),2017-2018,13,11,2,94,19*,10.44,80,117.5,0,0,2,7,4
JH Stander (SCOT),2009-2012,11,11,2,94,45,10.44,90,104.44,0,0,3,6,4
JJ Tucker (BMUDA),2019-2019,5,5,1,94,50*,23.50,97,96.9,0,1,0,11,1
P Utseya (ZIM),2006-2015,35,21,9,94,13*,7.83,115,81.73,0,0,3,6,1
J Cutinho (CRC),2019-2019,3,3,0,93,46,31.00,98,94.89,0,0,0,7,4
Walid Ghauri (NOR),2019-2019,4,4,1,93,44*,31.00,80,116.25,0,0,0,10,2
JL Denly (ENG),2009-2019,10,9,1,92,30,11.50,93,98.92,0,0,2,11,1
MC Sorensen (IRE),2012-2016,26,11,6,92,26,18.40,79,116.45,0,0,1,4,3
D Wiese (SA),2013-2016,20,11,4,92,28,13.14,75,122.66,0,0,1,4,3
Yasir Arafat (PAK),2007-2012,13,11,4,92,17,13.14,79,116.45,0,0,0,8,2
Anwar Arudin (MAL),2019-2019,12,12,0,91,32,7.58,98,92.85,0,0,3,10,2
Raees Ahmadzai (AFG),2010-2010,8,6,3,91,33*,30.33,84,108.33,0,0,0,5,1
Saeed Ajmal (PAK),2009-2015,64,23,12,91,21*,8.27,86,105.81,0,0,3,7,2
CR Woakes (ENG),2011-2015,8,7,4,91,37,30.33,63,144.44,0,0,1,4,5
GM Hamilton (SCOT),2007-2010,12,8,0,90,32,11.25,110,81.81,0,0,0,6,1
JN Mohammed (WI),2017-2018,9,8,3,90,23*,18.00,103,87.37,0,0,1,9,1
Muhammad Naeem (Saudi),2019-2019,5,4,2,90,42,45.00,91,98.9,0,0,1,7,1
Sagar Pun (NEPAL),2014-2015,9,9,0,90,20,10.00,100,90.0,0,0,0,13,0
DLS van Bunge (NL),2008-2013,14,12,4,90,24,11.25,104,86.53,0,0,2,2,3
GH Worker (NZ),2015-2015,2,2,0,90,62,45.00,64,140.62,0,1,0,6,5
S Adedeji (NGA),2019-2019,6,6,2,89,51*,22.25,114,78.07,0,1,1,5,2
Mohammad Nadeem (OMAN),2015-2019,22,13,3,89,29,8.90,106,83.96,0,0,1,7,0
A Otwani (UGA),2019-2019,4,4,0,89,44,22.25,78,114.1,0,0,0,13,1
A Ferguson (Arg),2019-2019,5,3,1,88,51,44.00,100,88.0,0,1,0,5,1
N Madziva (ZIM),2015-2019,15,10,5,88,28*,17.60,80,110.0,0,0,1,4,5
Md Shafiqul Haque (THAI),2019-2019,4,4,0,88,38,22.00,62,141.93,0,0,0,5,6
Zishan Shah (DEN),2019-2019,6,5,1,88,50,22.00,87,101.14,0,1,0,7,1
PS Airee (NEPAL),2015-2019,11,11,0,87,29,7.90,93,93.54,0,0,4,10,1
SC Getkate (IRE),2019-2019,14,12,2,87,24,8.70,73,119.17,0,0,1,4,4
Mandeep Singh (INDIA),2016-2016,3,3,1,87,52*,43.50,73,119.17,0,1,0,11,1
D Pretorius (SA),2017-2019,6,2,2,87,77*,-,49,177.55,0,1,0,7,4
Raza Iqbal (NOR),2019-2019,5,5,0,87,39,17.40,89,97.75,0,0,0,13,0
DI Allan (KENYA),2012-2013,10,10,0,86,18,8.60,135,63.7,0,0,0,7,0
AR Gandhi (KENYA),2019-2019,3,3,1,86,50,43.0,98,87.75,0,1,0,5,1
GJ Hopkins (NZ),2007-2010,10,8,0,86,36,10.75,71,121.12,0,0,0,5,5
SM Pollock (SA),2005-2008,12,9,2,86,36*,12.28,70,122.85,0,0,3,4,4
Shamsur Rahman (BDESH),2013-2014,9,8,0,86,53,10.75,85,101.17,0,1,2,12,1
DP Michael (Samoa),2019-2019,4,4,1,85,55*,28.33,82,103.65,0,1,1,1,6
AR Nurse (WI),2011-2019,13,8,6,85,20*,42.5,71,119.71,0,0,0,7,3
MD Patel (USA),2019-2019,8,8,1,85,26,12.14,88,96.59,0,0,0,6,4
RML Taylor (SCOT),2013-2016,9,6,3,85,41*,28.33,58,146.55,0,0,0,6,4
N Khosla (MALTA),2019-2019,4,4,0,84,27,21.0,95,88.42,0,0,0,3,2
IO Okpe (NGA),2019-2019,8,8,0,84,19,10.5,109,77.06,0,0,0,2,2
Afif Hossain (BDESH),2018-2019,8,7,0,83,52,11.85,63,131.74,0,1,2,10,1
JH Davey (SCOT),2012-2019,21,10,5,83,24,16.6,63,131.74,0,0,0,5,3
PF Gallagher (Fin),2019-2019,3,3,0,83,36,27.66,68,122.05,0,0,0,4,5
JK Kamande (KENYA),2007-2010,12,9,0,83,42,9.22,92,90.21,0,0,2,5,3
Manpreet Singh (ITA),2019-2019,8,6,0,83,36,13.83,98,84.69,0,0,0,10,1
AC Agar (AUS),2016-2019,21,7,1,82,29,13.66,79,103.79,0,0,0,6,3
FA Cossa (Moz),2019-2019,6,6,2,82,19*,20.5,90,91.11,0,0,0,6,4
AS Hansra (CAN),2012-2013,8,8,2,82,30,13.66,85,96.47,0,0,0,4,3
AK Mohan (Fin),2019-2019,5,5,0,82,41,16.4,72,113.88,0,0,1,9,1
Muhammad Awais (),2019-2019,3,3,2,82,42*,82.0,59,138.98,0,0,0,12,1
TD Paine (AUS/World),2009-2017,12,9,1,82,25,10.25,77,106.49,0,0,2,7,3
Shaikh Ashraf (Peru),2019-2019,4,4,0,82,38,20.5,67,122.38,0,0,0,8,3
RM Siri (Arg),2019-2019,4,4,1,82,49*,27.33,80,102.5,0,0,1,6,1
Aaron Jones (USA),2019-2019,8,7,3,81,39,20.25,81,100.0,0,0,0,3,2
MO Jones (BMUDA),2019-2019,8,7,2,81,27,16.2,83,97.59,0,0,0,5,3
Ahsan Abbasi (HKG),2019-2019,6,6,0,80,18,13.33,87,91.95,0,0,0,7,2
DAP Darrell (BMUDA),2019-2019,11,10,1,80,30*,8.88,95,84.21,0,0,1,1,5
Faizan Asif (UAE),2014-2015,6,6,0,80,28,13.33,64,125.0,0,0,0,9,3
Ijaz Hussain (ROM),2019-2019,3,3,0,80,40,26.66,76,105.26,0,0,0,7,6
RK Paudel (NEPAL),2019-2019,11,10,2,80,19,10.0,89,89.88,0,0,0,7,0
CP Rizwan (UAE),2019-2019,5,4,0,80,44,20.0,73,109.58,0,0,0,10,1
ZE Green (NAM),2019-2019,16,11,3,79,18*,9.87,78,101.28,0,0,1,4,3
CD Barnwell (WI),2011-2013,6,6,2,78,34*,19.5,62,125.8,0,0,1,4,4
Nurul Hasan (BDESH),2016-2017,9,8,4,78,30*,19.5,63,123.8,0,0,1,9,0
GG Banner (Blz),2019-2019,3,3,1,77,47,38.5,65,118.46,0,0,0,1,8
Sandeep Goud (OMAN),2019-2019,12,7,3,77,31*,19.25,72,106.94,0,0,0,3,3
Shahid Wasif (HKG),2016-2019,9,8,3,77,40,15.4,66,116.66,0,0,1,3,1
SA Wijeyeratne (CAN),2019-2019,2,2,0,77,56,38.5,51,150.98,0,1,0,12,0
T Bavuma (SA),2019-2019,2,2,1,76,49,76.0,66,115.15,0,0,0,5,2
A Flintoff (ENG),2005-2007,7,7,1,76,31,12.66,60,126.66,0,0,1,7,2
DR Hooper (GUE),2019-2019,9,8,3,76,19*,15.2,91,83.51,0,0,1,3,1
Imran Farhat (PAK),2010-2011,7,7,0,76,19,10.85,70,108.57,0,0,1,14,0
Irfan Ahmed (HKG),2014-2015,8,8,0,76,34,9.5,83,91.56,0,0,2,4,6
HB Kayondo (UGA),2019-2019,3,3,0,76,31,25.33,69,110.14,0,0,0,2,4
NFI McCallum (SCOT),2007-2010,11,7,0,76,38,10.85,85,89.41,0,0,3,7,1
S Matsikenyeri (ZIM),2006-2012,10,10,0,76,32,7.6,82,92.68,0,0,2,6,3
Rizwan Mahmood (DEN),2019-2019,5,4,0,76,37,19.0,61,124.59,0,0,0,3,3
VS Solanki (ENG),2005-2007,3,3,0,76,43,25.33,61,124.59,0,0,0,10,1
NR Kirton (CAN),2019-2019,5,5,2,75,37*,25.0,83,90.36,0,0,0,4,1
NJ Astle (NZ),2005-2006,4,4,1,74,40*,24.66,67,110.44,0,0,0,7,2
Hirenkumar Patel (Chile),2019-2019,4,4,0,74,22,18.5,82,90.24,0,0,0,9,1
S Hirugade (Mex),2019-2019,6,6,0,74,35,12.33,86,86.04,0,0,1,8,2
KO Otieno (KENYA),2008-2008,4,4,0,74,40,18.5,79,93.67,0,0,0,5,2
SI Runsewe (NGA),2019-2019,6,6,1,74,27,14.8,87,85.05,0,0,1,4,0
G Venkateswaran (LUX),2019-2019,3,3,1,74,59,37.0,58,127.58,0,1,0,10,1
J Vira (VAN),2019-2019,14,12,4,74,23,9.25,68,108.82,0,0,1,7,2
NT Broom (NZ),2009-2017,11,7,1,73,36,12.16,68,107.35,0,0,0,8,1
TS Fray (BMUDA),2019-2019,10,10,1,73,29,8.11,96,76.04,0,0,3,9,0
Khurram Khan (UAE),2014-2014,3,3,0,73,31,24.33,73,100.0,0,0,0,8,0
AR McBrine (IRE),2014-2017,19,11,5,73,14*,12.16,70,104.28,0,0,1,6,1
C Munoz-Mills (ESP),2019-2019,9,7,3,73,29*,18.25,66,110.6,0,0,0,5,3
AM Oyede (NGA),2019-2019,8,8,1,73,39,10.42,104,70.19,0,0,2,5,1
AL Phehlukwayo (SA),2017-2019,23,11,5,73,27*,12.16,66,110.6,0,0,3,10,1
AJ Strauss (ENG),2005-2009,4,4,0,73,33,18.25,64,114.06,0,0,1,9,0
RA Thomas (CAN),2019-2019,8,8,1,73,18,10.42,95,76.84,0,0,1,7,1
Farhad Reza (BDESH),2006-2014,13,9,0,72,19,8.0,88,81.81,0,0,1,4,2
Haroon Mughal (MALTA),2019-2019,4,4,0,72,31,18.0,65,110.76,0,0,0,6,1
Hassan Rasheed (Mald),2019-2019,8,7,0,72,22,10.28,100,72.0,0,0,0,4,1
A Pusthay (Fin),2019-2019,5,5,0,72,37,14.4,60,120.0,0,0,0,5,1
AS Wright (GUE),2019-2019,8,7,0,72,43,10.28,84,85.71,0,0,1,6,3
Sahir Naqash (GER),2019-2019,7,5,1,71,38*,17.75,52,136.53,0,0,2,2,5
T Taylor (Caym),2019-2019,6,6,2,71,19*,17.75,91,78.02,0,0,0,2,5
Abdul Hashmi (DEN),2019-2019,8,5,1,70,31,17.5,66,106.06,0,0,1,4,0
Awais Zia (PAK),2012-2014,5,5,0,70,23,14.0,80,87.5,0,0,0,4,3
FF Mulivai (Samoa),2019-2019,4,4,0,70,48,17.5,37,189.18,0,0,1,2,8
Hafez Farooq (Peru),2019-2019,4,4,0,69,24,17.25,68,101.47,0,0,0,7,2
C Hauptfleisch (Caym),2019-2019,5,5,0,69,42,13.8,85,81.17,0,0,1,4,2
Ibrarul Haq (Saudi),2019-2019,5,4,0,69,49,17.25,47,146.8,0,0,1,6,4
SM Katich (AUS),2005-2006,3,2,0,69,39,34.5,47,146.8,0,0,0,8,2
TB Sole (SCOT),2019-2019,9,6,2,69,33*,17.25,43,160.46,0,0,0,9,1
J Umanath (Mex),2019-2019,7,7,1,69,25,11.5,77,89.61,0,0,1,7,2
R Ankad (Mex),2019-2019,8,7,3,68,40*,17.0,72,94.44,0,0,2,7,0
AG Cremer (ZIM),2008-2018,29,19,6,68,17,5.23,102,66.66,0,0,2,2,0
Dawlat Zadran (AFG),2012-2019,34,17,8,68,13,7.55,42,161.9,0,0,3,4,6
TM Dowlin (WI),2009-2010,2,2,1,68,37*,68.0,69,98.55,0,0,0,8,0
R Escobar (Arg),2019-2019,5,4,1,68,28*,22.66,76,89.47,0,0,0,6,1
AR Patel (INDIA),2015-2018,11,7,3,68,20*,17.0,54,125.92,0,0,0,3,3
Sikander Zulfiqar (NL),2016-2019,11,8,1,68,18,9.71,68,100.0,0,0,0,5,0
JNT Vare (PNG),2015-2017,8,7,0,68,38,9.71,71,95.77,0,0,0,4,0
C Viljoen (NAM),2019-2019,12,7,3,68,33,17.0,70,97.14,0,0,0,7,1
Waqas Khan (HKG),2014-2017,8,7,3,68,33*,17.0,89,76.4,0,0,1,3,2
Hilal Ahmad (CZK-R),2019-2019,7,7,2,67,30,13.4,59,113.55,0,0,0,6,1
AJ Michael (Samoa),2019-2019,4,4,1,67,23,22.33,69,97.1,0,0,0,5,2
Zawar Farid (UAE),2019-2019,4,4,0,67,55,16.75,53,126.41,0,1,0,5,3
Abraash Khan (CAN),2019-2019,7,4,0,66,22,16.5,60,110.0,0,0,0,7,1
PHKD Mendis (SL),2018-2019,4,4,0,66,41,16.5,46,143.47,0,0,1,6,3
Waheed Ahmed (UAE),2019-2019,10,9,4,66,19,13.2,80,82.5,0,0,0,6,2
J Bulele (Moz),2019-2019,7,7,0,65,24,9.28,95,68.42,0,0,1,8,0
SC Kuggeleijn (NZ),2019-2019,9,5,3,65,35*,32.5,30,216.66,0,0,1,4,6
H Lakov (),2019-2019,3,3,0,65,28,21.66,62,104.83,0,0,0,5,0
Shoaib Khan jnr (PAK),2008-2008,4,4,0,65,50,16.25,74,87.83,0,1,1,7,0
FA Allen (WI),2018-2019,11,9,2,64,27,9.14,56,114.28,0,0,2,5,3
Anique Uddin (DEN),2019-2019,6,6,0,64,31,10.66,79,81.01,0,0,0,3,0
Ansar Iqbal (NOR),2019-2019,4,4,0,64,40,16.00,72,88.88,0,0,0,6,1
B Arora (MALTA),2019-2019,4,4,0,64,28,16.00,64,100.0,0,0,0,5,3
K Birkenstock (NAM),2019-2019,4,2,0,64,59,32.00,33,193.93,0,1,0,7,4
S Dube (INDIA),2019-2019,6,4,2,64,54,32.00,42,152.38,0,1,0,3,4
RM Haq (SCOT),2007-2013,21,12,7,64,21*,12.80,96,66.66,0,0,1,2,1
DP Hyatt (WI),2011-2012,5,5,1,64,28,16.00,54,118.51,0,0,0,4,4
G Manan (ROM),2019-2019,3,3,0,64,29,21.33,52,123.07,0,0,0,11,1
A Natubhai Ahir (PNM),2019-2019,3,3,0,64,30,21.33,59,108.47,0,0,0,10,1
WB Rankin (ENG/IRE),2009-2019,48,15,8,64,16*,9.14,74,86.48,0,0,2,3,3
DJ Reekers (NL),2008-2009,6,5,0,64,29,12.80,49,130.61,0,0,1,10,2
Sadeeq Khan (ROM),2019-2019,3,3,1,64,28,32.00,42,152.38,0,0,0,3,6
Usman Waheed (KUW),2019-2019,6,4,1,64,28*,21.33,61,104.91,0,0,1,6,1
V Balakrishnan (Botsw),2019-2019,3,3,1,63,29*,31.50,82,76.82,0,0,0,6,1
LJ Barker (GUE),2019-2019,9,8,0,63,20,7.87,69,91.3,0,0,3,8,0
Imran Ismail (Moz),2019-2019,7,7,0,63,17,9.00,58,108.62,0,0,0,7,3
Kuldeep Lal (ESP),2019-2019,8,3,0,63,38,21.00,41,153.65,0,0,0,3,2
AN Cook (ENG),2007-2009,4,4,0,61,26,15.25,54,112.96,0,0,0,10,0
OD Hald (DEN),2019-2019,9,8,1,61,18,8.71,57,107.01,0,0,1,4,2
Hasan Ali (PAK),2016-2019,30,10,5,61,23,12.20,35,174.28,0,0,2,3,5
PD McGlashan (NZ),2006-2010,11,9,1,61,26,7.62,64,95.31,0,0,0,6,2
R Nehonde (Botsw),2019-2019,7,7,1,61,26,10.16,79,77.21,0,0,1,3,1
NM Odhiambo (KENYA),2010-2019,16,8,2,61,26,10.16,94,64.89,0,0,2,4,1
A Sathya (Mex),2019-2019,3,3,0,61,30,20.33,61,100.0,0,0,0,3,2
PH Shamdasani (Peru),2019-2019,4,4,1,61,37,20.33,72,84.72,0,0,0,3,1
AJ Tye (AUS),2016-2018,26,11,5,61,20,10.16,55,110.9,0,0,2,4,3
DE Budge (SCOT),2018-2018,6,4,2,60,24,30.00,59,101.69,0,0,0,2,3
JWM Dalrymple (ENG),2006-2007,3,3,0,60,32,20.00,57,105.26,0,0,0,6,0
LM Jongwe (ZIM),2015-2016,8,7,0,60,34,8.57,65,92.3,0,0,2,4,1
J Kila (PNG),2019-2019,12,5,3,60,27*,30.00,31,193.54,0,0,0,4,5
Mohammad Adnan (Saudi),2019-2019,5,3,3,60,38*,-,31,193.54,0,0,0,4,5
Mominul Haque (BDESH),2012-2014,6,4,1,60,26*,20.00,50,120.0,0,0,0,5,2
P Mustard (ENG),2008-2008,2,2,0,60,40,30.00,37,162.16,0,0,0,5,4
Zameer Khan (DEN),2019-2019,2,2,1,60,33,60.00,61,98.36,0,0,0,4,0
Zeeshan Siddiqui (OMAN),2015-2015,5,5,1,60,33*,15.00,63,95.23,0,0,0,7,0
Ariful Haque (BDESH),2018-2018,9,8,4,59,18*,14.75,61,96.72,0,0,1,4,0
DR Flynn (NZ),2008-2012,5,5,0,59,23,11.80,51,115.68,0,0,0,1,4
Hayatullah Niazi (NOR),2019-2019,4,4,1,59,27,19.66,47,125.53,0,0,0,3,3
Mohammad Amir (PAK),2009-2019,48,14,6,59,21*,7.37,72,81.94,0,0,2,2,3
Muhammad Saleem (),2019-2019,4,4,0,59,52,14.75,54,109.25,0,1,0,5,1
AK Perera (SL),2013-2019,6,5,0,59,16,11.80,65,90.76,0,0,0,5,1
IS Sodhi (NZ),2014-2019,40,7,3,59,15,14.75,56,105.35,0,0,1,4,3
Aamer Ikram (PORT),2019-2019,4,4,0,58,23,14.50,73,79.45,0,0,0,4,4
Abu Hider (BDESH),2016-2018,13,5,4,58,22*,58.00,43,134.88,0,0,0,5,4
D Heyliger (CAN),2019-2019,11,7,5,58,23*,29.00,42,138.09,0,0,1,2,3
JJ Huo (Moz),2019-2019,7,7,0,58,18,8.28,61,95.08,0,0,1,7,2
DF Jacobs (THAI),2019-2019,4,4,0,58,20,14.50,82,70.73,0,0,0,7,0
K Mendon (CZK-R),2019-2019,6,4,4,58,39*,-,51,113.72,0,0,0,5,2
Mohamed Azzam (Mald),2019-2019,7,6,2,58,17*,14.5,61,95.08,0,0,1,6,0
Shaheryar Butt (Belg),2019-2019,3,3,1,58,30*,29.0,55,105.45,0,0,0,3,4
CJO Smith (SCOT),2007-2009,8,6,1,58,46*,11.6,54,107.4,0,0,3,6,0
Alok Kapali (BDESH),2007-2011,7,7,2,57,19,11.4,85,67.05,0,0,2,3,1
Fayyaz Butt (OMAN),2019-2019,14,6,4,57,25*,28.5,48,118.75,0,0,0,4,2
C Jonker (SA),2018-2018,2,2,0,57,49,28.5,29,196.55,0,0,0,5,3
A Makesh (KUW),2019-2019,4,2,1,57,57,57.0,41,139.02,0,1,0,3,4
GP Meade (ITA),2019-2019,8,5,0,57,18,11.4,63,90.47,0,0,0,4,1
A Sarma (GER),2019-2019,3,3,0,57,28,19.0,67,85.07,0,0,0,3,1
P Sarraf (NEPAL),2019-2019,9,8,1,57,18,8.14,84,67.85,0,0,3,9,0
Sohag Gazi (BDESH),2012-2015,10,7,3,57,24,14.25,59,96.61,0,0,0,3,1
AJ Turner (AUS),2017-2019,11,7,3,57,22*,14.25,57,100.0,0,0,1,1,2
Amjad Sher (Fin),2019-2019,5,5,0,56,24,11.2,36,155.55,0,0,0,1,4
T Banton (ENG),2019-2019,3,3,0,56,31,18.66,34,164.7,0,0,0,6,3
JM How (NZ),2007-2008,5,5,0,56,31,11.2,67,83.58,0,0,0,5,1
EB Knowles (CZK-R),2019-2019,7,6,2,56,19,14.0,54,103.7,0,0,1,7,1
P Manning (Caym),2019-2019,6,6,1,56,28,11.2,89,62.92,0,0,1,4,0
MJ Ross (ITA),2019-2019,8,5,1,56,34,14.0,42,133.33,0,0,0,2,3
SMSM Senanayake (SL),2012-2016,24,12,6,56,17,9.33,66,84.84,0,0,2,3,1
D Ajekun (NGA),2019-2019,6,6,0,55,17,9.16,81,67.9,0,0,0,6,1
MNM Aslam (KUW),2019-2019,6,4,0,55,26,13.75,59,93.22,0,0,1,4,1
C Carter (HKG),2015-2017,10,5,1,55,17,13.75,63,87.3,0,0,0,3,0
N Deonarine (WI),2010-2013,8,7,2,55,36*,11.0,53,103.77,0,0,3,5,0
PWH de Silva (SL),2019-2019,8,7,3,55,14*,13.75,50,110.0,0,0,0,3,0
GB Hogg (AUS),2006-2014,15,4,0,55,41,13.75,39,141.02,0,0,0,3,3
KM Jarvis (ZIM),2011-2019,22,12,5,55,27,7.85,64,85.93,0,0,4,1,4
Mirza Ahsan (Aut),2019-2019,5,3,2,55,51*,55.0,18,305.55,0,1,0,2,7
OE Newey (GUE),2019-2019,7,6,1,55,23*,11.0,66,83.33,0,0,1,2,0
R Satheesan (ROM),2019-2019,4,3,1,55,23,27.5,42,130.95,0,0,0,3,4
HS Baidwan (CAN),2008-2013,17,11,2,54,21,6.0,52,103.84,0,0,4,4,1
JW Chilia (VAN),2019-2019,14,7,4,54,23,18.0,54,100.0,0,0,0,3,3
M Dixit (LUX),2019-2019,3,2,0,54,38,27.0,59,91.52,0,0,0,6,2
GD Drummond (SCOT),2008-2013,17,7,0,54,35,7.71,65,83.07,0,0,2,3,0
JSE Dunford (JER),2019-2019,17,9,3,54,29,9.0,67,80.59,0,0,3,2,0
MSS Mandy (Chile),2019-2019,4,4,0,54,32,13.5,67,80.59,0,0,0,8,0
SMA Priyanjan (SL),2017-2017,3,3,2,54,40*,54.0,62,87.09,0,0,0,1,2
BA King (WI),2019-2019,6,5,0,53,31,10.6,50,106.0,0,0,0,6,1
Usman Limbada (CAN),2010-2013,7,3,2,53,21*,53.0,41,129.26,0,0,0,6,0
MRJ Watt (SCOT),2015-2019,35,11,6,53,14*,10.6,40,132.5,0,0,1,6,1
TS Bharaj (DEN),2019-2019,9,8,0,52,19,6.5,77,67.53,0,0,1,2,0
G Caisley (),2019-2019,4,4,0,52,38,13.0,60,86.66,0,0,1,3,2
SJ Cotter (Samoa),2019-2019,4,4,0,52,25,13.0,62,83.87,0,0,0,4,1
RP Magar (NEPAL),2014-2015,6,6,0,52,25,8.66,89,58.42,0,0,1,0,3
A Manousis (),2019-2019,3,3,1,52,23,26.0,49,106.12,0,0,0,5,1
DM Nakrani (UGA),2019-2019,4,4,1,52,19,17.33,48,108.33,0,0,0,2,3
Ovais Yousof (NGA),2019-2019,3,3,0,52,33,17.33,70,74.28,0,0,0,5,0
IS Billcliff (CAN),2010-2010,2,2,0,51,37,25.5,39,130.76,0,0,0,3,2
TGJ Gruijters (NL),2012-2013,8,5,3,51,21*,25.5,47,108.51,0,0,0,3,1
V Mbazo (Botsw),2019-2019,4,3,1,51,27*,25.5,67,76.11,0,0,0,3,0
Raqibul Hasan (BDESH),2008-2010,5,5,0,51,18,10.2,62,82.25,0,0,0,3,1
AU Rashid (ENG),2009-2019,40,15,8,51,9*,7.28,61,83.6,0,0,0,4,0
HA Varaiya (KENYA),2007-2013,25,12,11,51,18*,51.0,81,62.96,0,0,0,1,0
Hamid Hassan (AFG),2010-2016,22,9,6,50,22,16.66,46,108.69,0,0,0,3,2
Md Nurul Huda (Fin),2019-2019,5,4,2,50,30*,25.0,32,156.25,0,0,0,4,2
Mohammad Yousuf (PAK),2006-2010,3,3,0,50,26,16.66,43,116.27,0,0,0,5,1
MJ Richardson (GER),2019-2019,3,3,2,50,35*,50.0,38,131.57,0,0,0,7,0
Ameel Mauroof (Mald),2019-2019,10,8,4,49,15*,12.25,63,77.77,0,0,0,3,0
U Bhatti (CAN),2008-2010,7,7,3,49,12,12.25,48,102.08,0,0,0,3,1
G Chaturvedi (MALTA),2019-2019,2,2,0,49,25,24.5,29,168.96,0,0,0,6,1
A Dananjaya (SL),2012-2019,22,12,4,49,11*,6.12,57,85.96,0,0,2,6,0
JN Frylinck (NAM),2019-2019,14,7,4,49,19*,16.33,47,104.25,0,0,1,2,1
CU Jayasinghe (SL),2009-2010,5,3,2,49,38,49.0,49,100.0,0,0,0,3,1
Junaid Siddiqui (CAN),2012-2019,13,7,3,49,21,12.25,41,119.51,0,0,1,2,2
HG Kuhn (SA),2009-2017,7,6,2,49,29,12.25,42,116.66,0,0,0,3,2
Nanda Kumar (CRC),2019-2019,3,3,0,49,39,16.33,58,84.48,0,0,1,3,2
SD Outerbridge (BMUDA),2008-2008,3,3,1,49,37*,24.5,51,96.07,0,0,0,2,1
DA Rankin (IRE),2015-2016,2,2,0,49,34,24.5,54,90.74,0,0,0,3,2
Saber Zakhil (Belg),2019-2019,3,3,0,49,18,16.33,35,140.0,0,0,0,2,3
DC Smith (PHI),2019-2019,4,4,1,49,22,16.33,53,92.45,0,0,0,5,0
K Weeraratne (SL),2008-2009,5,5,2,49,20*,16.33,45,108.88,0,0,0,4,1
S Jamil (Belg),2019-2019,3,3,0,48,24,16.0,49,97.95,0,0,0,5,2
Muhammad Nadeem (Saudi),2019-2019,5,3,0,48,43,16.0,49,97.95,0,0,0,7,1
MIA Patel (MWI),2019-2019,3,2,1,48,40*,48.0,44,109.09,0,0,0,6,1
Qalandar Khan (QAT),2019-2019,4,3,0,48,25,16.0,43,111.62,0,0,0,2,3
YSD Seneveratne (Caym),2019-2019,6,6,0,48,19,8.0,79,60.75,0,0,1,5,1
J Singye (BHU),2019-2019,2,2,0,48,40,24.0,64,75.0,0,0,0,2,0
C Zhuwao (ZIM),2008-2018,7,7,0,48,24,6.85,66,72.72,0,0,4,7,1
M Aboagye (Ghana),2019-2019,3,3,1,47,24,23.5,53,88.67,0,0,0,3,0
VD Adewoye (NGA),2019-2019,7,6,2,47,23*,11.75,42,111.9,0,0,2,4,2
Delawar Khan (DEN),2019-2019,9,8,1,47,17,6.71,40,117.5,0,0,2,0,4
D Weston (GER),2019-2019,6,6,0,47,18,7.83,54,87.03,0,0,2,5,1
SA Ahmad (DEN),2019-2019,5,3,1,46,25,23.0,54,85.18,0,0,0,2,0
KM Dabengwa (ZIM),2006-2010,8,7,3,46,16*,11.5,40,115.0,0,0,0,4,2
K Gupta (Chile),2019-2019,4,4,1,46,19*,15.33,64,71.87,0,0,1,1,0
JW Hastings (AUS),2010-2016,9,6,2,46,15,11.5,37,124.32,0,0,0,3,1
Z Hoque (THAI),2019-2019,3,3,0,46,20,15.33,35,131.42,0,0,0,4,2
MM Iqbal (SCOT),2012-2013,6,3,0,46,31,15.33,45,102.22,0,0,0,4,1
RJ Trott (BMUDA),2008-2019,15,10,4,46,19,7.66,84,54.76,0,0,2,3,0
JJ van der Wath (SA),2006-2007,8,4,1,46,21,15.33,39,117.94,0,0,0,3,1
Anasim Khan (BAH),2019-2019,4,3,1,45,22,22.5,39,115.38,0,0,0,2,1
S Ateak (Ghana),2019-2019,3,3,0,45,26,15.0,48,93.75,0,0,0,6,1
R Bakum (Ghana),2019-2019,4,4,0,45,18,11.25,45,100.0,0,0,1,4,2
Haseeb Amjad (HKG),2014-2016,18,10,6,45,12*,11.25,45,100.0,0,0,0,3,1
MG Hunter (GIBR),2019-2019,4,3,0,45,27,15.0,61,73.77,0,0,0,2,1
NJ Maddinson (AUS),2013-2018,6,4,0,45,34,11.25,35,128.57,0,0,0,6,1
Mamoon Latif (Belg),2019-2019,3,3,0,45,24,15.0,52,86.53,0,0,0,2,2
T Munyonga (ZIM),2019-2019,5,3,2,45,44,45.0,34,132.35,0,0,0,3,1
Nazril Rahman (MAL),2019-2019,7,4,1,45,24*,15.0,45,100.0,0,0,0,4,0
VE Tembo (Moz),2019-2019,6,5,2,45,20*,15.0,52,86.53,0,0,0,2,0
Yasar Haroon (),2019-2019,4,4,0,45,29,11.25,62,72.58,0,0,0,4,1
Zohaib Sarwar (PORT),2019-2019,4,4,1,45,33*,15.00,46,97.82,0,0,2,1,4
Abrar Bilal (Aut),2019-2019,3,2,0,44,41,22.00,24,183.33,0,0,0,6,2
AJ Ayannaike (NGA),2019-2019,3,3,0,44,33,14.66,43,102.32,0,0,1,4,2
AA Banner (Blz),2019-2019,3,2,0,44,28,22.00,29,151.72,0,0,0,4,3
JM Davison (CAN),2008-2010,5,5,0,44,19,8.80,40,110.0,0,0,2,2,3
L Emilio (Moz),2019-2019,5,4,0,44,23,11.00,35,125.71,0,0,0,4,1
GF Gomes (Moz),2019-2019,7,6,1,44,28,8.80,46,95.65,0,0,1,6,1
Ismat Ullah (),2019-2019,4,4,0,44,42,11.00,47,93.61,0,0,1,4,1
Saad Nasim (PAK),2014-2014,3,2,0,44,25,22.00,53,83.01,0,0,0,0,1
S Badree (WI/World),2012-2018,52,16,10,43,14*,7.16,65,66.15,0,0,0,1,1
S Badrinath (INDIA),2011-2011,1,1,0,43,43,43.00,37,116.21,0,0,0,5,0
P Baron (Arg),2019-2019,5,3,0,43,27,14.33,38,113.15,0,0,0,0,4
NO Miller (WI),2009-2014,9,5,4,43,15*,43.00,47,91.48,0,0,0,2,0
P Mishra (),2019-2019,3,3,1,43,23,21.50,26,165.38,0,0,0,3,4
Mustafizur Rahman (BDESH),2015-2019,37,15,5,43,15,4.30,55,78.18,0,0,4,3,3
Saad Bin Zafar (CAN),2019-2019,11,4,1,43,20,14.33,33,130.3,0,0,0,3,2
M Sohel Patel (PNM),2019-2019,2,2,0,43,40,21.50,39,110.25,0,0,0,2,3
Amjad Ali (UAE),2014-2015,5,5,1,42,20,10.50,52,80.76,0,0,0,6,0
F Baaleri (Ghana),2019-2019,4,4,0,42,17,10.50,60,70.0,0,0,0,6,0
NG Jones (IRE),2010-2012,5,4,2,42,14*,21.00,38,110.52,0,0,1,1,2
Mohamed Mahfooz (Mald),2019-2019,11,5,0,42,16,8.40,53,79.24,0,0,0,3,0
Muaviath Ganee (Mald),2019-2019,5,4,0,42,19,10.50,44,95.45,0,0,0,3,1
LE Plunkett (ENG),2006-2019,22,11,4,42,18,6.00,34,123.52,0,0,3,3,1
AT Rayudu (INDIA),2014-2016,6,5,1,42,20,10.50,50,84.0,0,0,2,5,0
M Sert (TKY),2019-2019,4,4,1,42,16,14.00,59,71.18,0,0,0,5,0
DC Stovell (BMUDA),2019-2019,6,6,1,42,18*,8.40,50,84.0,0,0,1,5,0
JK Vifah (Ghana),2019-2019,3,3,0,42,23,14.00,45,93.33,0,0,0,2,1
KJ Young (Blz),2019-2019,3,3,2,42,27*,42.00,34,123.52,0,0,0,3,1
Abdul-Shakoor Rahimzei (GER),2019-2019,7,5,1,41,17,10.25,33,124.24,0,0,0,2,1
Abdur Razzak (BDESH),2006-2014,34,20,10,41,9,4.10,74,55.4,0,0,5,1,0
Ainool Hafizs (MAL),2019-2019,3,3,0,41,21,13.66,39,105.12,0,0,0,3,1
A Ashokan (CZK-R),2019-2019,2,2,0,41,34,20.50,29,141.37,0,0,0,2,3
K Jethi (CAN),2008-2008,5,5,1,41,24,10.25,59,69.49,0,0,1,0,2
K Joshi (Aut),2019-2019,4,3,1,41,32*,20.50,41,100.0,0,0,0,4,2
B Mavuta (ZIM),2018-2018,3,3,2,41,28,41.00,23,178.26,0,0,0,3,2
D Muhumuza (UGA),2019-2019,4,4,0,41,28,10.25,36,113.88,0,0,1,3,1
Murid Ekrami (Belg),2019-2019,3,2,0,41,28,20.50,48,85.41,0,0,0,2,0
K Pala (PNG),2015-2015,2,2,1,41,22*,41.00,30,136.66,0,0,0,4,2
Amir Hamza (AFG),2013-2017,31,9,5,40,21,10.00,38,105.26,0,0,1,3,1
TS Chisoro (ZIM),2015-2018,12,6,2,40,14*,10.00,42,95.23,0,0,0,2,2
BCJ Cutting (AUS/World),2013-2017,7,5,1,40,29,10.00,27,148.14,0,0,1,2,3
Fitri Sham (MAL),2019-2019,15,10,4,40,15*,6.66,56,71.42,0,0,0,2,0
Imran Bulbulia (PNM),2019-2019,3,3,0,40,32,13.33,42,95.23,0,0,1,4,1
LA Musiani (Arg),2019-2019,5,5,1,40,22,10.00,60,66.66,0,0,1,4,0
E Packard (GIBR),2019-2019,4,4,0,40,26,10.00,49,81.63,0,0,0,2,1
S Ravikumar (CRC),2019-2019,3,3,1,40,29*,20.00,44,90.9,0,0,1,3,1
Sahibzada Farhan (PAK),2018-2018,3,3,0,40,39,13.33,46,86.95,0,0,1,2,3
F Stoman (PORT),2019-2019,4,4,1,40,21*,13.33,61,65.57,0,0,0,1,1
Talha Khan (GER),2019-2019,1,1,1,40,40*,-,41,97.56,0,0,0,4,0
Tariq Aziz (PORT),2019-2019,4,4,1,40,23,13.33,47,85.1,0,0,1,1,2
KDK Vithanage (SL),2014-2016,3,3,0,40,38,13.33,34,117.64,0,0,0,7,0
RR David (CAN),2008-2008,4,4,0,39,17,9.75,65,60.0,0,0,0,2,1
Imran Khan (PORT),2019-2019,4,3,1,39,36,19.5,32,121.87,0,0,0,2,3
Munir Dar (HKG),2014-2014,2,2,0,39,36,19.5,33,118.18,0,0,0,3,1
Rafatullah Mohmand (PAK),2015-2015,3,3,0,39,23,13.0,45,86.66,0,0,1,4,0
P Silas (Botsw),2019-2019,4,3,0,39,20,13.0,44,88.63,0,0,0,1,1
S Tobgay (BHU),2019-2019,2,2,0,39,24,19.5,58,67.24,0,0,0,1,0
PA van Meekeren (NL),2013-2019,41,9,1,39,18,4.87,40,97.5,0,0,3,0,3
RI Ahmed (NL),2015-2015,2,2,0,38,25,19.0,50,76.0,0,0,0,2,0
Ameer Saiyed (Botsw),2019-2019,4,3,0,38,22,12.66,47,80.85,0,0,0,4,0
R Flannigan (SCOT),2012-2012,4,4,1,38,18,12.66,33,115.15,0,0,1,4,0
D Kansonkho (MWI),2019-2019,7,4,0,38,21,9.5,47,80.85,0,0,2,5,0
AK Kitchen (NZ),2017-2018,5,4,1,38,16,12.66,32,118.75,0,0,0,3,1
BF Mailata (Samoa),2019-2019,4,4,0,38,17,9.5,48,79.16,0,0,0,2,1
Mohammad Amin (KUW),2019-2019,4,4,2,38,15*,19.0,39,97.43,0,0,0,5,0
D Mongia (INDIA),2006-2006,1,1,0,38,38,38.0,45,84.44,0,0,0,4,1
F Mutizwa (ZIM),2011-2012,3,3,0,38,22,12.66,36,105.55,0,0,1,3,0
H Pragji (Botsw),2019-2019,4,4,1,38,30*,12.66,65,58.46,0,0,0,1,0
BJ Watling (NZ),2009-2014,5,4,0,38,22,9.5,58,65.51,0,0,0,3,0
SJ Benn (WI),2008-2016,24,7,4,37,13*,12.33,42,88.09,0,0,1,5,1
VD Chandra (PNM),2019-2019,3,2,0,37,26,18.5,30,123.33,0,0,0,3,3
I Danladi (NGA),2019-2019,3,2,0,37,37,18.5,38,97.36,0,0,1,4,1
CJ Delany (GIBR),2019-2019,4,4,0,37,21,9.25,60,61.66,0,0,1,2,0
JS Foster (ENG),2009-2009,5,5,2,37,14*,12.33,32,115.62,0,0,0,0,1
RM Hira (NZ),2012-2013,15,3,1,37,20*,18.5,33,112.12,0,0,0,4,1
J Hirschi (MALTA),2019-2019,4,4,0,37,13,9.25,62,59.67,0,0,0,0,0
AF Ifill (Caym),2019-2019,6,6,1,37,9,7.4,61,60.65,0,0,0,2,1
R Kumar (ROM),2019-2019,4,3,1,37,32,18.5,27,137.03,0,0,0,6,0
D Manani (ROM),2019-2019,2,2,1,37,19*,37.0,32,115.62,0,0,0,4,1
S Sola (Samoa),2019-2019,4,3,0,37,18,12.33,36,102.77,0,0,0,1,3
CA Soper (PNG),2015-2019,13,6,4,37,19,18.5,41,90.24,0,0,0,0,3
BM Wheeler (NZ),2017-2018,6,4,2,37,30,18.5,28,132.14,0,0,0,3,2
RJ Campbell (HKG),2016-2016,3,3,0,36,27,12.0,47,76.59,0,0,1,6,0
TK Curran (ENG),2017-2019,15,6,4,36,14*,18.0,27,133.33,0,0,0,0,3
J Dunn (VAN),2019-2019,4,3,0,36,23,12.0,41,87.8,0,0,0,0,1
J Jojo (DEN),2019-2019,7,5,3,36,13,18.0,27,133.33,0,0,0,1,1
TE Kane (IRE),2015-2019,7,3,1,36,26*,18.0,23,156.52,0,0,0,5,0
Mohammed Qasim (UAE),2016-2017,3,3,1,36,13*,18.0,51,70.58,0,0,0,2,0
Mohsin Hub (Peru),2019-2019,4,4,1,36,16*,12.0,41,87.8,0,0,1,2,0
PA Patel (INDIA),2011-2011,2,2,0,36,26,18.0,32,112.5,0,0,0,4,1
Abdul Shakoor (UAE),2015-2019,6,4,2,35,20*,17.5,40,87.5,0,0,0,3,0
MP Biddappa (PHI),2019-2019,4,2,1,35,22*,35.0,47,74.46,0,0,0,1,1
STR Binny (INDIA),2015-2016,3,2,0,35,24,17.5,29,120.68,0,0,0,2,1
PJ Cummins (AUS),2011-2019,25,11,4,35,13,5.0,37,94.59,0,0,2,2,1
SM Curran (ENG),2019-2019,5,3,0,35,24,11.66,23,152.17,0,0,0,3,2
CD de Lange (SCOT),2015-2017,8,3,0,35,22,11.66,22,159.09,0,0,0,2,2
L Hermida (Mex),2019-2019,5,5,2,35,12,11.66,52,67.3,0,0,0,1,0
JN Malan (SA),2019-2019,2,2,0,35,33,17.5,37,94.59,0,0,0,3,2
VV Morea (PNG),2015-2017,5,5,0,35,19,7.0,44,79.54,0,0,1,4,0
D Murphy (SCOT),2013-2013,4,4,3,35,20,35.0,35,100.0,0,0,0,1,0
Nazakat Ali (NOR),2019-2019,2,2,0,35,25,17.50,31,112.9,0,0,0,1,3
Shuvagata Hom (BDESH),2016-2016,5,4,2,35,16*,17.50,35,100.0,0,0,0,3,1
Sultan Ahmed (UAE),2017-2019,17,9,3,35,11,5.83,37,94.59,0,0,3,0,2
DK Anefie (Ghana),2019-2019,4,4,2,34,18*,17.00,38,89.47,0,0,1,2,0
Arafat Sunny (BDESH),2014-2016,10,6,3,34,10,11.33,30,113.33,0,0,0,3,1
Hammad Azam (PAK),2012-2013,5,4,1,34,21,11.33,34,100.0,0,0,0,3,1
Nadeem Ahmed (HKG),2014-2017,24,9,4,34,10,6.80,55,61.81,0,0,1,2,0
JD Nel (SCOT),2007-2010,10,5,2,34,13*,11.33,25,136.0,0,0,1,3,1
OL Pitcher (BMUDA),2008-2008,3,3,0,34,15,11.33,53,64.15,0,0,0,1,0
S Rakshit (CZK-R),2019-2019,7,5,1,34,15,8.50,44,77.27,0,0,1,5,0
Saqib Zulfiqar (NL),2018-2019,6,4,0,34,18,8.50,43,79.06,0,0,0,1,0
JTS Sumerauer (JER),2019-2019,8,6,1,34,13,6.80,39,87.17,0,0,0,3,0
W Viraliliu (VAN),2019-2019,10,7,3,34,13*,8.50,26,130.76,0,0,0,3,2
PSP Handscomb (AUS),2019-2019,2,2,1,33,20*,33.00,33,100.0,0,0,0,1,0
GO Jones (ENG),2005-2006,2,2,1,33,19,33.00,25,132.0,0,0,0,5,0
FJ Klaassen (NL),2018-2019,21,7,1,33,13,5.50,34,97.05,0,0,1,2,0
MF Maharoof (SL),2006-2016,8,5,1,33,13*,8.25,43,76.74,0,0,1,0,1
CB Mpofu (ZIM),2008-2019,30,10,6,33,17*,8.25,40,82.5,0,0,3,3,1
K Nestor (GIBR),2019-2019,4,4,1,33,16,11.00,35,94.28,0,0,0,1,2
I Pandey (NEPAL),2019-2019,4,4,0,33,22,8.25,50,66.0,0,0,0,5,0
RJMGM Rupasinghe (SL),2009-2009,2,2,0,33,18,16.50,39,84.61,0,0,0,2,0
Simandeep Singh (HKG),2019-2019,7,7,2,33,14*,6.60,32,103.12,0,0,0,2,0
WPUJC Vaas (SL),2006-2007,6,2,1,33,21,33.00,41,80.48,0,0,0,1,0
AA Westphal (Mex),2019-2019,5,5,0,33,24,6.60,40,82.5,0,0,0,3,0
Abdul Wahid (Saudi),2019-2019,5,3,1,32,17*,16.00,26,123.07,0,0,0,4,1
KS Bagabena (Ghana),2019-2019,4,3,2,32,23*,32.00,32,100.0,0,0,1,1,0
WD Balaji Rao (CAN),2008-2008,4,4,1,32,22*,10.66,30,106.66,0,0,1,1,2
SE Findlay (WI),2008-2008,2,2,0,32,19,16.00,31,103.22,0,0,0,4,0
TG Gordon (CAN),2012-2012,3,3,0,32,23,10.66,37,86.48,0,0,0,3,0
LHB Harrington-Myers (Caym),2019-2019,4,4,1,32,17*,10.66,39,82.05,0,0,1,1,1
Khizer Ahmed (NOR),2019-2019,5,4,2,32,18,16.00,47,68.08,0,0,0,1,0
GA Lamb (ZIM),2010-2010,5,4,2,32,14*,16.00,54,59.25,0,0,1,1,0
GH O'Brien (BMUDA),2008-2019,11,6,2,32,7*,8.00,38,84.21,0,0,1,1,2
SNJ O'Keefe (AUS),2010-2011,7,5,0,32,22,6.40,26,123.07,0,0,0,4,1
Shiraz Khan (KUW),2019-2019,6,5,1,32,16*,8.00,27,118.51,0,0,1,2,1
KRP Silva (USA),2019-2019,2,2,0,32,25,16.00,12,266.66,0,0,0,2,3
J Theron (SA),2010-2012,9,3,3,32,31*,-,21,152.38,0,0,0,3,1
JC Tredwell (ENG),2012-2014,17,6,3,32,22,10.66,20,160.0,0,0,1,4,1
TR Birt (AUS),2010-2012,4,3,0,31,17,10.33,33,93.93,0,0,0,3,1
PVD Chameera (SL),2015-2018,19,10,6,31,12,7.75,40,77.5,0,0,2,3,0
P Chandran (Mex),2019-2019,3,3,0,31,23,10.33,47,65.95,0,0,1,2,1
R Dravid (INDIA),2011-2011,1,1,0,31,31,31.00,21,147.61,0,0,0,0,3
V Ganesan (GER),2019-2019,4,4,0,31,15,7.75,42,73.8,0,0,0,0,0
Jahurul Islam (BDESH),2010-2013,3,3,0,31,18,10.33,23,134.78,0,0,0,3,1
Jasdeep Singh (USA),2019-2019,4,2,0,31,31,15.50,25,124.0,0,0,1,0,3
AS Mehmi (),2019-2019,3,2,1,31,21*,31.00,29,106.89,0,0,0,2,1
RG Mukasa (UGA),2019-2019,4,4,0,31,14,7.75,40,77.5,0,0,0,1,0
PA Nixon (ENG),2007-2007,1,1,1,31,31*,-,22,140.9,0,0,0,2,1
H Osinde (CAN),2008-2013,11,6,2,31,17,7.75,34,91.17,0,0,0,1,2
VS Padhaal (Fin),2019-2019,5,5,0,31,14,6.20,44,70.45,0,0,0,4,0
D Sheeli (KUW),2019-2019,3,3,0,31,19,10.33,32,96.87,0,0,0,3,0
