column1,column2,column3,column4,column5
C,Green,11.814989536834512,15.672434076119966,15.744066845218969
D,Blue,10.0717890995354,21.041776479796397,38.12914244897471
A,Red,13.730006467994947,20.535801138911214,22.226099241410953
C,Red,11.640964876542451,25.983454088273188,36.93324690332601
C,Red,12.207427738781195,21.359365813850083,25.716547602941382
D,Red,10.265132135929571,25.7905542401215,9.530653132772002
A,Red,10.314723002580592,15.309113122861472,31.311900903438833
A,Red,13.462641159818354,20.709305276037497,30.864285170784353
C,Red,9.243414232925941,14.426261463375553,38.81071573622613
B,Green,11.093558708330479,20.488379277801396,45.56000571839204
C,Blue,9.467524935677085,19.428560221990573,49.12409409916798
C,Red,9.462727883225394,19.213512873995484,38.64154213470886
C,Green,7.66220746851656,19.257362238191835,32.786191920659185
C,Green,8.514971298286119,23.681947350922986,15.726664104845348
D,Blue,8.1434610971671,11.963201714987102,32.02020936990007
A,Red,11.18873761784634,15.501060686079137,32.14940169938933
D,Blue,12.080411856447325,19.797140866274123,28.01359740343972
D,Red,9.810493252843195,14.10668455264375,36.329676506008084
D,Green,10.459255860327307,20.23057053100522,41.21905710982134
C,Green,9.695057289789808,19.745737393794627,21.815960694713162
B,Green,8.37844816021403,12.981216774737085,21.66015645800533
A,Green,11.724526049593758,12.734174268728612,28.60707988223371
B,Blue,11.305069387518959,6.881058822253671,23.84770809292077
D,Red,6.214908029392072,13.896649751590434,13.58746797640137
D,Red,9.433781997529493,20.071616291053,20.034072636770482
B,Blue,8.235945317585143,20.78093911470439,17.676788529625593
B,Red,9.21812286066955,21.009497798142252,42.08450508018153
B,Green,8.659136865907481,16.110405936663096,47.02827006009278
D,Red,9.9071592585172,19.908482579892553,19.045665427054132
D,Green,9.340170529733053,21.986223046207265,35.46073513137111
A,Blue,9.297718612358322,13.659822252494234,38.73516424469751
A,Red,12.214776856677426,20.6166453719527,15.077312133401362
D,Blue,11.114357321338497,23.282406059175457,31.609789471789995
B,Red,8.592210699399132,17.546139350885596,55.33516165346526
B,Green,8.888906534373158,25.311171651748015,36.77146866357631
A,Blue,10.983586110799225,17.66282828087515,27.546994586674696
D,Red,10.980839143405532,15.699695724384625,24.39813474781791
A,Green,8.792439521875862,22.784205892764604,9.775384152791055
A,Blue,9.53201866619567,30.166468847332283,34.70473656116732
C,Blue,13.693612080173937,20.426768094439044,49.47816787254315
C,Red,8.826903822957314,23.1745390205686,21.864562456020792
C,Red,13.82160917691757,17.45641389451078,10.644153204829387
B,Red,12.20733388505161,13.791918901019862,23.357758186467755
D,Green,13.450832550110931,20.83132822950367,38.81599745978208
D,Red,8.741856055861142,21.621999858939557,25.71499995177915
D,Blue,9.662888251874477,18.210444548094188,21.79531907086912
D,Blue,9.101672382448875,23.15528259010753,30.19154915057859
C,Red,12.253506383852406,16.7295999509284,32.29700747167855
B,Red,8.86463245465582,15.489568670741289,16.116098592283056
B,Blue,11.462430986685748,25.303214652430825,27.827163030631766
C,Green,11.356598822384083,25.32673813270815,25.027323860776615
B,Red,9.903940938571647,16.828284470821607,23.590956507519174
C,Red,12.59731946832867,28.594252452024108,19.82963330608552
D,Blue,10.215359739453211,18.564466537348753,39.41257854794797
C,Red,11.668171437216607,20.423914323219794,23.556130712019723
D,Green,9.010593262164434,19.576737290757862,10.050547141867149
D,Blue,8.55312637178635,22.618801087228398,32.64297821975433
A,Red,11.462291058515216,21.357107469004713,37.251994726731844
C,Blue,10.861680488667497,21.28981080790829,22.039839347841223
A,Red,10.48661532825673,14.902191841400569,24.403373102160337
C,Red,9.312623304124433,11.557188416051577,23.509462795716274
C,Red,13.098418953052608,25.710800141264308,26.533466385698894
A,Green,7.7668283914923055,17.272770005301282,41.068501821898224
A,Green,7.657313980538056,19.75483313283261,28.859408276276437
C,Blue,11.884333010327659,21.633994549448904,38.39593545667205
B,Red,11.72019276828614,28.14504801674634,20.311683684532472
D,Red,10.707525557983736,20.80678962321254,26.163095804190156
A,Green,9.424095556194388,18.026012185379514,39.54013815847307
D,Red,11.004844258380825,17.382278093565713,21.943946015737406
B,Green,13.441660594239067,19.813215793790306,40.121364609085305
B,Red,15.03109241574845,15.453176151796935,23.71615909004862
B,Blue,6.687172589049688,20.14437861574505,26.783374849415807
A,Red,9.162159761502906,19.73990155770993,46.70162587348925
B,Red,9.03645347403032,28.20763474322076,25.641810228337686
A,Green,13.253038943399364,19.581994307045395,31.453458027506347
B,Red,5.037410026869597,10.37755919475575,36.16436422521736
D,Red,11.027670386131092,33.36755485198239,32.265086496720116
D,Green,9.486379383161934,24.784168655780483,32.550533488895766
C,Blue,13.27622549909528,30.411743720477922,29.434602560182658
D,Blue,13.00207768000892,14.213400065077579,16.97760790983677
C,Green,10.731013469653385,18.89086609371854,33.48289330099759
D,Green,6.840553858576406,23.372006207471596,22.675315429883458
A,Green,8.852221035329734,22.681956861422297,37.75767217403177
D,Green,9.071217846772523,21.53468853679776,43.720614239496854
C,Green,7.34709041109307,9.001946407497229,11.944427385829847
C,Blue,12.309168563718739,11.437802712178431,43.73807827427105
B,Blue,7.093147005451188,27.58760054531936,25.889422081329567
A,Green,13.930655016907425,28.476647664348448,28.690507778155272
D,Red,13.925645268090918,19.466743542818023,20.876125474876105
B,Green,9.229879476280988,26.95213737203191,31.88467729066277
D,Red,10.656990740259632,14.88386116928351,30.668148831774054
D,Green,9.855433043859152,16.027869732656598,40.76922825292851
B,Green,11.80364960072338,14.488598390684253,22.586067233697428
B,Blue,12.549354677129518,15.75040227155677,46.60802401937909
B,Red,10.515993984240133,23.613480047613095,36.64714086308889
B,Red,10.938233419562126,15.688238134682777,30.90968976775409
B,Blue,8.758791472120967,31.198715199639324,28.19215636104509
D,Blue,10.873427933780677,22.30035303173719,26.934305528661497
B,Blue,10.325524157847962,25.422635232475443,27.58656225593495
A,Blue,8.176411022497286,22.449702914000365,31.684019569354735
C,Red,9.971925781313777,26.071348252296396,27.910000393062678
B,Red,9.233634964027853,15.660000002307264,23.594705434925128
B,Green,8.781008836363883,27.234667690997785,31.744592948367025
D,Green,7.707017584800864,20.704694427957186,21.637118812746124
B,Blue,10.125005466498951,26.046330554843696,33.22466901001747
B,Blue,8.439051987349313,12.802179733119079,27.769329645192585
B,Blue,9.057783655394601,20.902916033041816,36.96730909231844
D,Green,12.150248550434577,20.726193583908326,39.89074210695477
B,Green,11.264232202536755,16.903817675102793,39.886805603447385
C,Green,8.042466704277492,21.56559414873632,33.18105056052626
D,Green,10.703782135812872,27.698034240007573,34.34831220766845
C,Green,10.26556139652831,16.519238205184394,26.772489738815647
D,Green,13.403392417066922,24.80927178102469,36.776396884833474
B,Green,12.766290001744549,14.36288471926746,37.90501360661723
C,Blue,6.932502548580327,30.547222973212296,14.32670846475472
D,Blue,11.722255337917202,23.923001592183542,33.78347195607264
A,Blue,12.530394503247397,28.62558666129286,43.68129807708867
B,Blue,11.118718417456662,23.360302595468838,26.437097053952158
D,Green,9.329175712611619,21.953065888646808,24.254530238661207
A,Red,14.826787830234274,23.96466470242959,25.801365389136805
D,Green,11.302818561854044,19.31776268322914,14.951240071708733
A,Red,13.953088547456456,11.91083047220839,31.259839544489104
B,Blue,12.702956858947015,22.236996732333964,30.299654400972514
C,Green,10.928269320446608,16.22248332700123,31.97026832877301
A,Blue,8.840598177052746,14.491690423102987,34.15976621217802
D,Green,9.951790243694997,23.18146584219305,22.020065978185237
B,Blue,9.556175094412893,18.60445762550153,32.731991990220436
A,Red,7.57096208870146,25.138522033028448,34.4319865991573
D,Red,11.300563149919405,16.055296156204648,25.11608269182968
D,Red,13.134706003918819,17.64585511743087,34.201179982519726
D,Green,9.403393010897107,25.751480131506966,30.807066263867412
A,Red,14.327312998449475,21.39921330498804,23.688102305566197
A,Green,6.884834428276532,12.6133597954693,32.827886964836765
A,Red,12.108727096774407,21.288804414300554,27.092892566467807
C,Red,13.34304047081082,27.406192742944018,36.97065274014387
A,Green,9.591938838037878,17.607112776892663,27.608336199309623
A,Green,9.627886989714238,22.990288482264546,17.1023441823494
A,Red,12.085530351688803,15.753065424220475,32.66986985527651
C,Green,11.01198221991907,19.316083625152856,32.29403247831435
A,Red,6.005177313080987,25.449177682252166,19.188628872023386
D,Green,8.313253690921238,21.096158338774867,37.505361154353054
A,Blue,9.97290090390508,26.44634931357818,36.98220836135479
D,Blue,7.260603640629866,22.12651202113931,21.300198075250915
D,Blue,9.051651367140193,31.09369838600421,23.403736989400883
D,Blue,7.310629149512131,12.175433153903654,28.579923869704732
C,Blue,9.259658738893219,18.914033249695176,22.41147868962362
C,Red,9.326754545357678,14.577331033539743,36.40397184911678
C,Blue,10.703509353187426,14.918754127708754,31.489719493272098
A,Blue,9.816481352000999,14.964081530969802,19.064428541117643
D,Blue,11.005579442081512,20.8386291102561,21.7752908715071
C,Blue,10.767088014947843,21.131504674109337,41.877191771664016
C,Green,12.062679988528622,22.13727962497558,45.35562377915415
A,Red,11.747566081920231,14.384697199277241,35.387289760525086
C,Blue,11.536247670269432,18.37887590500855,27.88724744849686
A,Blue,16.209734856933444,15.178526801218158,25.600370875934235
B,Blue,10.694805273284658,24.679407781358577,35.49699418311005
C,Red,15.187143007717722,15.648662249095132,30.759205342594868
B,Green,10.824436804487867,18.93143924002059,13.899285525856232
A,Red,9.834298170388216,22.80153220661553,40.318679825348305
D,Green,9.253669635573607,16.921856627512177,43.45803267362869
C,Blue,13.01945159689686,23.46939222490327,37.37252532943198
A,Blue,13.281006785775876,27.980398677665743,19.08388805371792
D,Red,11.199567711929458,20.948558643627628,23.631735502766603
D,Red,12.267093549005411,24.508054572842035,11.422801386422886
B,Green,7.445559068153834,9.632895555318086,45.96048491395556
A,Green,6.902440354975576,17.854740365760748,26.43261436740972
D,Red,12.492653771594908,20.924504084644884,53.33289321649782
C,Green,9.746377004193956,14.735174607998466,49.55230030907778
C,Red,11.498604834795007,21.03824667702046,20.965735836310564
B,Green,8.565424100087844,25.299702780295753,22.917322605969865
D,Red,13.313976939409551,10.60219685994989,34.661903423471195
A,Red,6.9191626562219275,14.054635670980762,12.454578961337297
C,Red,7.228829827034623,20.924066353820926,25.617408826214383
D,Green,12.88862316742469,22.30209864720024,24.618409987932715
D,Green,4.780316414034199,23.690401874548254,48.51165941946708
B,Green,10.757137736189833,20.55444739443884,31.610178855044555
C,Red,9.785348008806846,22.307562025079044,27.152330224628038
C,Green,8.52809616159994,24.517403542703406,23.685152673146987
A,Green,9.600120302819262,17.92770949114837,38.94049597324794
C,Red,8.30495301382038,16.957069569967896,25.032891760695918
A,Blue,13.084511892096998,19.157466845325658,29.497170256375
C,Red,13.608994176723218,20.997439711387067,23.608764775280356
B,Green,8.62852482642331,16.70863278399341,14.824628679846057
C,Red,10.551049754937063,18.03121341763394,20.03964872297336
A,Blue,7.349847058127906,21.98850885253648,24.980282926353063
A,Red,12.146104318006254,20.788753905148578,27.36745169736371
B,Green,12.094018349286628,19.073314385921208,27.805760740764928
C,Blue,9.40947553458462,11.294653449686754,29.110802994812378
C,Green,10.03377011683979,19.9824600399573,25.113123698489908
B,Blue,9.812469100954658,15.149980162454785,43.49126348168406
C,Blue,6.7630843326394485,24.9154135260295,39.47984119856982
C,Red,13.092008295200253,18.456394233607462,28.648907328091617
A,Red,8.466093522235138,15.0188397188874,32.54258279740996
C,Green,8.479701455484157,19.692283630599757,26.27911758547045
C,Red,9.699160291076334,26.353497925460957,1.5651470794822444
B,Red,11.991097170724558,23.154079245723096,30.204930129260248
B,Blue,8.817393569815938,21.09958575302967,33.05614361251216
D,Red,6.095629557193112,13.369524704765718,13.873382419597725
A,Blue,8.226003878540933,28.108000498831608,34.99411069194603
C,Blue,10.848280838157981,16.891864129820483,27.194233220551908
C,Blue,14.379500575618373,24.668919564361715,33.37933720634662
D,Green,7.4801600672536885,18.373185608242924,27.496013526299144
C,Green,7.4069964650383415,24.187539362416196,42.50954474226849
A,Green,6.974808998322368,26.53437047937637,32.26228820584087
D,Blue,6.726550017401318,23.24068634953767,40.024164586720076
A,Green,12.411382920162861,23.779274798799698,40.84726142174945
D,Green,12.98937715072876,19.50780506922184,18.804442739115892
D,Red,10.355511787160804,17.830169289635947,22.60983129978852
B,Green,9.064574455718287,20.69149344892905,34.51610682726256
A,Green,13.582287573725253,18.300427471153917,26.344627162418277
C,Blue,10.34781608331301,32.33601855406246,27.613932307437043
C,Blue,12.178873418720869,15.038208567547432,42.865648221706095
A,Blue,8.967102116556369,25.010426082952044,26.8963362180793
C,Blue,10.088487708447548,22.585984172695067,20.310706517514177
C,Blue,7.525316709105907,21.149361040619688,21.66199998364405
A,Blue,11.25849794378717,27.399430499569203,51.82356501192701
D,Green,10.38187550154663,21.491887263005896,28.21780519614763
A,Blue,8.210873535172432,16.825465401287925,16.357522447820898
D,Blue,8.237785700947077,21.458651886267038,12.305414046834056
C,Red,13.231917006677488,19.084108655473855,23.753633573258863
C,Green,13.943337500923633,22.516423344083243,28.034778805726166
C,Green,9.573729326665358,24.065368158147493,39.49173706427673
B,Green,10.135507145524326,15.704560288179653,38.52345166461767
D,Blue,10.800228949296434,25.976680590014077,29.936535789271648
B,Blue,10.296063516319375,18.725500775657704,25.45831413840411
B,Blue,6.6514045589227395,22.218069613410893,33.3960185342169
A,Red,10.855741354380772,23.08515085160348,12.51253923863612
B,Blue,5.824221930798783,21.83694345315315,49.81080893929217
A,Red,8.534631617484761,19.454457411737156,36.54105595856611
A,Green,11.010854293249636,17.55701209003668,38.669902197282724
B,Blue,11.199988415849674,18.655027463483293,19.258466181233892
D,Red,8.37985383158102,27.825859662644383,42.82648641296596
D,Red,9.083126119626165,15.670667814354704,25.39982838973705
D,Blue,8.812326982003093,16.40378331018517,20.474418771814367
D,Green,9.79431167372786,16.184255884281427,29.608276293937806
D,Green,9.946411306728672,20.678769399588326,29.374449140116262
B,Green,11.336936259058222,12.37647275006097,19.214629274880032
B,Red,8.966206274220433,13.232200719328034,21.050626464586347
C,Red,10.74679238382711,18.69522583520371,20.2676822467195
D,Red,11.014031528974384,13.561122773508812,20.362849321431753
B,Red,10.39657875474373,13.968643453585992,26.119020929003995
C,Green,9.480788355101051,13.598657953185302,16.11014863827542
D,Blue,10.361290928550881,15.766941454333356,23.086255025860645
A,Red,11.503480546787152,23.656232533352032,40.45134548384269
C,Red,11.678369735432625,24.778539780605414,38.233094521041835
B,Green,13.630745369653813,29.59500446609303,19.501207591072454
A,Blue,8.019947527387476,29.41180929256739,39.582049172942334
A,Blue,9.119985218009194,23.931563549402235,10.33560730863951
A,Green,6.773062679463196,25.13838837400516,54.291443220121536
C,Green,11.86201892865571,20.655510453429592,43.00313192135592
B,Blue,9.330984987286506,22.599324260061344,24.402680878598932
A,Red,10.412381964058653,29.718015240915854,33.8242656173511
D,Blue,8.791322861106721,21.856064340284153,15.99080671890871
A,Green,9.346592010044349,25.7661928927262,30.604427899258134
A,Red,12.446380210853317,15.328241957107444,28.163369674975332
C,Red,11.388466820971967,16.66880637870886,21.652366106076045
C,Green,9.776955884682108,21.560347988974836,25.31442513674141
B,Green,11.535627838952793,20.749658350316956,24.33012524190573
D,Green,11.579800160075749,16.90032906297552,18.682632806823648
C,Blue,9.21714896662653,32.036887919656095,21.41852754103337
A,Blue,7.061840878727583,20.862970519574333,15.581555740002875
B,Red,8.201676745995922,17.78637473907669,38.57330765560618
A,Green,7.3189427932349655,20.75809413680315,20.67887253543731
A,Red,12.328869291985814,20.127133513058173,17.779791284298458
C,Red,12.676230432895363,20.939012739455443,38.41504679815997
B,Red,13.172747760318032,12.031414923244835,33.6962035433933
D,Red,5.960888902045663,26.459733482834327,38.04501055948959
D,Green,12.142801820747444,26.74414710219575,39.160832241966546
C,Red,14.424382618769371,27.35160386018243,49.374548969384236
C,Green,12.22397542762129,21.627158792681488,28.439602333068155
B,Green,5.697540764258661,23.31240530082258,15.423923210044926
D,Blue,13.536596616793544,15.66886525996375,32.71037800762125
D,Green,10.083378074263884,24.164496642986947,23.309953771201826
D,Blue,9.535201786999057,21.258938534469696,20.424947166844593
A,Green,10.902190593165956,17.69796692180379,30.99925172217241
D,Green,7.901986154859028,24.323723458204203,38.657527330095895
A,Green,10.005564741843157,24.5172451804555,21.640051584037167
B,Blue,13.240859290208148,20.303044178374666,42.74388087331719
A,Blue,11.244793741046577,22.191912900642016,20.10386040997184
B,Red,10.116802944205336,14.841414940332196,27.56096778674537
D,Blue,10.179216319855218,26.215917186071792,33.86307881780868
D,Blue,7.637212033402397,15.505934059825492,26.121007913159417
B,Blue,9.70002421720055,16.47287175960412,12.239976610614633
C,Blue,6.731409328740465,20.311578227152683,39.27407491788805
B,Red,12.044881904787621,25.5725814210923,23.76535659643973
C,Blue,5.628579035049315,25.569743166078304,37.448984493936926
A,Green,11.70980075924142,19.97587689047435,17.358558649723378
A,Green,11.958821801668122,23.865066811269056,19.065634179035882
A,Blue,12.637529231454389,11.554707753355519,38.62433409555357
D,Blue,10.173718326323606,16.403400049352236,33.40508092742024
A,Green,11.833256932315058,16.505247802681993,25.614142893153236
C,Green,9.680506719269568,26.261064548799087,33.55031598170837
A,Red,7.6266057646241325,23.273270814540037,20.45960864455642
B,Green,13.06146478507599,20.923263879523002,31.102591174889092
B,Green,9.80622834076985,21.40867531914687,31.285539233900653
D,Blue,7.180977365053611,27.841696380150623,26.262183948089714
B,Green,9.066370108420436,19.149101667467242,21.647142944092415
C,Red,9.145350634863657,13.429663457329802,30.702485782147935
A,Green,10.923393836248424,25.43597592197652,29.450188566991017
D,Blue,14.694094966745462,20.909195186025304,25.34177921080391
A,Blue,11.04483722656513,24.768358390828904,19.6618552981925
A,Green,10.41368770399305,19.776175963067463,30.124770493354674
C,Blue,14.91155239912511,15.806552381480534,25.36677635163394
B,Red,11.95778707982545,22.014108605414883,19.653423795630665
B,Red,10.508498408269856,20.050875353707152,30.43529810758111
A,Green,9.04117628236381,20.924711414372045,46.08305472055386
D,Green,10.632400152409122,28.08285247058708,26.331723340929223
B,Green,9.867219191813726,14.506487613076498,44.977765412420226
D,Blue,10.182868255117993,21.429593302379914,51.143317147300955
B,Red,12.628804849538945,15.905016549206616,20.46581097622325
D,Red,8.919355633725024,7.04727013439971,30.090442081989643
C,Blue,11.027081416327027,19.75517405488888,51.037319178163095
D,Red,11.897879979675189,20.155114684999035,28.78920038590956
C,Green,8.675774966351181,23.117610514753792,30.368121457654
C,Green,8.354757169021799,18.912296257080282,13.299945256251082
D,Green,9.699316154838193,12.55499822438014,24.683380996803322
C,Red,9.076740819487078,15.887842113725686,35.55588684668937
A,Green,12.304665217483008,26.58479418343352,54.2928264295125
C,Blue,7.996463442870691,15.816860353546843,28.039931665283095
B,Blue,10.13694273705734,27.91612764846253,13.37373677748645
D,Red,15.09209666680895,25.249921462856918,15.947508092266911
A,Blue,10.826113067572365,18.41109697831965,29.64210314061703
D,Blue,11.15858028860977,16.354604184486504,41.77206798052249
B,Red,12.321364991394251,25.239564845652893,36.373536828753956
B,Green,9.074101869149281,18.7954437745319,34.60255863510126
B,Green,7.837160742509193,12.271749301500208,43.09144386917596
C,Green,10.35302255232549,22.81158310311629,22.797709124810485
C,Red,10.530807656697075,22.08631723929093,30.190947199575653
D,Blue,6.763578410573677,25.68853101357389,24.796178797976047
D,Green,10.750143829365555,21.747974996801485,27.285442645479264
A,Green,12.139700997402079,17.254265114771414,19.937306456745148
A,Red,8.174103853951982,26.34839419801067,26.560239285662043
D,Green,10.871111696749626,26.834952163394217,29.72284433754601
C,Red,11.784527320740267,21.166029819926038,26.285285001384494
B,Blue,11.17335641706016,20.301609572664862,28.389384969861982
D,Red,11.362012477483114,13.383644884474474,34.05040543437186
A,Red,9.510399516387398,16.96236828826762,42.386957690643996
C,Red,7.744991324518808,23.80384820979677,43.11155868112598
D,Red,9.105707075232173,17.213598498186496,37.614217673969925
D,Blue,8.82788579625875,12.715810653033387,17.40018521561684
C,Blue,9.839481907584908,37.4793889480005,26.395900144301464
D,Green,12.18654181091986,12.682970207866557,27.257149692873984
C,Blue,7.3763197436716625,31.283756982170587,23.428501692114356
B,Blue,10.288500045634782,18.4628827770087,33.42351179029607
C,Green,7.8731967089642945,19.57718500428096,14.056715067185422
C,Blue,8.519906164354458,16.638608639062006,46.93566469528292
C,Red,11.117481505223683,23.91418582368946,41.952206715217145
D,Red,7.6201098932686016,12.80112893444958,34.782022619017575
D,Green,11.468488579405957,10.79835481882914,29.378906700798154
C,Green,7.29567110675055,28.050857646893032,42.28839295072554
D,Green,11.33396080687632,15.980138005965111,36.89404936780267
A,Red,6.900937460842976,23.730440597698422,41.06637784218093
A,Blue,8.76437464148677,14.57271961551892,29.4094791774016
D,Red,13.792988766259123,23.54210521447291,47.89313085864167
D,Green,13.417092739533773,28.417732493892252,41.668878756898565
C,Blue,9.174950694965709,17.36439307292442,35.09536295435932
B,Blue,10.779921172059803,10.332794466070094,42.55972920431155
D,Red,12.408136037769768,28.443969566549526,25.80838058166028
A,Green,11.362592348840941,24.631221607624457,18.324996406529735
C,Red,9.453071507090351,17.63214383114346,33.21550513047475
D,Blue,8.502729371927334,18.91023973365677,29.429095541865312
A,Red,11.73620628591586,14.44673901875157,28.02282657722371
A,Red,12.261406617229003,27.1012846622098,42.16312039349403
B,Green,13.431403668788775,17.326421960946774,31.671392132106305
C,Green,6.6255011530938575,12.906457312262631,32.63569073535484
C,Blue,7.493750423597895,21.068229407562356,26.729474412459037
B,Red,12.323847204294161,15.699933192107302,38.81123139279526
B,Red,6.8969389064996465,14.849927120684459,37.0187578130792
C,Red,12.477099909823865,17.849503981190274,38.73659676894293
C,Blue,9.570134988029215,20.431776577501854,25.027360333638214
D,Blue,8.95817236132663,13.094451220426265,43.04088460046995
D,Green,10.410857192542938,26.92574462606162,48.387684237663734
B,Green,7.309263095529003,23.385798560328936,38.420383973247056
D,Green,11.648029661196704,18.173185046136343,21.907117127557093
A,Red,13.379273995389394,15.48328256851501,21.977977157637987
D,Red,11.741152431628484,19.55387273541668,26.24623044406912
D,Green,9.506982614891719,24.49717520377861,24.35622785981479
A,Red,6.9239285844691185,23.722920135998397,29.289073743127354
B,Green,7.000825087594134,25.29252150225589,36.32442466367848
A,Blue,7.340713395521385,17.59811254509839,32.89952440749848
D,Green,9.975443445775365,5.375374104016615,32.02289056386289
B,Blue,10.226800126545209,26.239055989581235,27.587972501998543
D,Red,11.73688702148199,19.16401928463824,29.261540728354507
A,Green,6.407942027033849,23.33083032735831,37.96575507529002
A,Red,12.622420460784799,28.34614377320151,9.88041972500185
D,Blue,11.388812637890743,32.17204316618841,29.886095915212685
C,Blue,9.34632741387573,16.750892609295896,32.87987594927325
C,Blue,7.6204769165358,20.669799535828222,37.83583068547293
A,Red,12.498281283382237,26.834182303027227,19.899540607161757
A,Red,9.399812077525231,15.778604907385022,19.37090317546881
C,Red,9.959962201311143,17.08944203104786,35.83954994878134
C,Red,10.767223941575864,17.059807107705623,10.95547759743084
D,Blue,8.173602188436778,19.85954843295989,43.321891107607854
D,Blue,9.435638841949501,18.89938159855015,32.265919914928105
C,Green,11.73063380404076,17.031023388718378,45.58721212843437
D,Green,11.52819215699255,15.171212921968703,19.12927623430487
D,Red,11.546214413390475,24.05970164197646,25.636405312817594
B,Blue,7.689640497719136,26.689155104830586,5.921316730731142
D,Blue,9.526839298541718,27.413573970862075,22.043102370047237
A,Blue,9.20721232990439,17.594632213077578,28.161531192781208
D,Green,10.850357684549403,24.268623361286387,10.372924199915634
D,Green,10.671315979297795,21.181629513638878,26.053731878016006
C,Blue,10.310854661485873,17.146643256933373,10.126598231397558
A,Blue,14.931467910839858,23.67109109354098,27.425398150885748
D,Blue,9.418387839711924,16.916974729772516,41.471119271082365
D,Green,9.184353827862912,18.11911698609156,29.650202498858775
B,Blue,7.686500659327888,13.11635148748185,46.582073726118026
D,Blue,6.9243053481422585,17.67889451283387,37.8629256339461
D,Red,7.559365245568449,21.269306045072923,43.48147848606971
B,Red,8.562636149113441,27.84467247838748,22.350547591217165
C,Green,12.620146188875704,18.232522768991565,22.108583716073976
D,Blue,10.078327808723717,14.809154264565331,33.45613416385368
B,Blue,10.386661333905467,27.486844854670625,14.22297908367141
A,Red,9.807453383595806,17.477237814578913,34.711437497620906
C,Green,10.730601986043578,11.258091719295676,26.760801834530703
A,Red,12.804144294435687,20.665468675683922,43.29996837546657
A,Red,6.012138327463928,18.376132633604126,36.795122540794104
B,Red,12.43667463117076,31.501978213425858,40.96706430340127
D,Red,4.969923094929986,22.37683017173606,22.45793918604953
B,Blue,10.056405423043856,19.26828823172582,40.482102687617285
B,Blue,14.383814709488831,15.377513953721984,44.44712494364283
B,Red,11.361315879063088,21.650834205964838,29.61286176619659
B,Green,10.746117870641273,27.28354975030897,22.606493806335116
C,Green,14.003891933605946,21.559070917386304,22.782127987655905
D,Green,8.593874203997713,15.76285153941027,42.39012992015965
A,Green,10.867934844930096,22.69403105875977,56.84345742423311
A,Red,11.156234194947785,19.756965525635923,20.18354929824778
D,Blue,8.955195731545949,22.24306551659081,19.4147994995744
A,Green,9.13177964100804,18.225963249078898,39.21414180674479
D,Red,8.91244113355332,18.10852362869394,22.460864706333556
A,Green,10.174629948017127,17.9111010128411,40.1835538422827
B,Green,11.093383211542626,24.711190757486808,34.65346173526646
A,Red,10.246460545829324,18.15887362379454,29.760226975020363
D,Blue,11.418923634859711,17.701346343128865,34.41271534521688
D,Blue,6.061705428052905,15.289670492188169,33.80198369153394
D,Red,9.563497672514327,22.27006900858384,28.203935022138243
D,Blue,7.953161379298708,21.558509010656092,12.436389683615054
D,Red,10.603445025365797,17.756158877556846,31.786507285890348
C,Red,10.573834857344647,16.453106462210695,45.73060366064164
C,Red,9.76875577008509,29.38086706613856,13.912313367954766
A,Blue,11.020558021064142,10.59778472437581,20.342149798610553
D,Red,11.995625436528055,22.465860016008605,34.268269747660106
A,Green,9.878958955387382,26.45701774108004,30.385918627322805
D,Blue,7.896610223800597,3.0659311925585016,34.11182159584289
D,Blue,6.837484858161038,23.970700300380898,23.006817921723382
C,Blue,10.072220350660256,18.89872699251956,41.62458286592306
C,Blue,10.483733403027081,21.280274321416297,30.46900565690211
B,Green,8.060952220960042,18.38381017738955,36.96985522343057
C,Blue,11.451533646326066,25.376967228230384,33.20277410971096
B,Blue,9.082086228350853,21.815596708356786,31.754949679609926
B,Red,6.687134269657699,20.65859944767158,36.2683365702813
B,Blue,12.512872684690379,15.505696965207036,31.864879539669506
B,Green,12.287975838404327,29.41146116917094,18.09800971904488
B,Green,5.968801126673804,20.049655098666356,40.87356825715965
A,Green,8.874799436692616,31.449028987302295,38.18127286248183
C,Green,8.796832637171448,29.637846925890976,8.931496086421902
B,Blue,13.278977318835006,11.108245163673097,23.457997151243227
D,Blue,9.801414579916687,16.72527019598655,40.42360462492807
C,Green,7.008243603889165,14.815244970125292,11.730714535221662
C,Green,11.764209564481757,19.75896959256469,39.43566881900745
B,Blue,7.5384489084678385,20.93582010243081,28.587774643457493
A,Green,9.479319018556478,21.149632339467153,43.40282570333991
B,Red,8.460462244238247,25.270643380094896,29.988532109245362
A,Green,8.87908980344012,27.46791384654435,22.779320070043724
D,Green,11.874516179127879,24.837438746193193,33.08085660759141
C,Red,13.042660322664332,17.195323928881265,29.696145104900136
D,Red,7.451262507241243,16.0898806744628,21.891488658593193
A,Blue,11.252152851015634,20.01380917941968,52.18343483011387
A,Blue,8.534492740620008,22.130597632023306,20.289018184156852
D,Red,8.596656179951848,19.084043271414387,7.57044624940206
A,Red,10.981272442845428,13.27257581873889,45.81698968121493
D,Blue,7.94419446857261,23.410297542884003,24.164365276840734
C,Green,10.941205201550089,18.038426156330484,27.032267390343044
D,Red,11.46022671301947,17.887436327889784,26.42093935370966
C,Blue,9.134935476601964,19.726936629709535,24.30348565841674
D,Green,12.654156204027334,18.800505414599193,22.33807528736554
A,Red,7.454350775876986,18.167494722439493,20.031826975030356
D,Green,12.690812381223344,13.599373465334052,30.647597617045655
A,Blue,6.112025141029735,19.438762665241708,25.980124423243648
D,Red,15.399428280839018,23.51476895953434,37.30362190333946
D,Green,9.187595522756334,21.323220025606446,34.82694051616154
B,Red,7.6753856872247646,24.740607195503223,20.72487806474596
A,Green,9.534656182960003,16.357274888399967,31.08521276072356
B,Blue,7.907044114751143,13.609707604410993,25.821616758786465
A,Blue,10.773930597709084,18.770750105110018,20.083395573663346
B,Red,12.735314662940294,16.928816907256515,36.89431570515133
C,Green,8.013087547886645,17.44832508396126,28.786747206916353
D,Red,11.158798478348007,21.058748590405635,25.92449979829521
A,Red,6.934529262208481,17.484597304476722,21.44432763576721
A,Green,12.065909466457224,13.749657553968028,19.720632389266612
D,Green,10.832472733855191,17.20502636059001,49.88768023914546
A,Green,12.15236664266064,21.70029683430401,33.34118649629997
A,Blue,9.75530619471779,23.357403005034588,19.088709627971834
B,Red,9.129686804290497,23.307113920416736,32.87865898322813
A,Red,11.632234872114665,22.122365471239547,40.62016176795538
C,Blue,7.383902956883163,19.15953267017378,31.675176125300425
C,Green,6.514351336532849,22.024570494795647,43.74021342133125
D,Blue,9.990076031919925,19.788321709008816,14.571868579300329
A,Blue,9.220806786282415,20.565480689101186,10.086779526197894
D,Blue,11.107666663563093,15.3033663106703,32.605174218537535
C,Red,12.183102848627994,20.219374818803576,32.76496143373883
A,Blue,11.066028158302277,21.893331171257056,-3.3950017825424226
A,Red,12.02380662365349,21.705636567198543,23.76423908797985
D,Red,10.642104666664327,13.562404869703506,19.91337685616545
C,Red,10.989191496642198,20.481303882016913,16.080537592968437
A,Green,9.766685580335459,12.780552112680432,19.889582353901893
D,Red,10.930090922030365,20.868383230692633,35.9578780159936
C,Red,10.333305657127028,16.49331404198643,19.825949787102918
D,Green,10.650353593058128,28.528214712627225,20.168778654181583
B,Red,9.666551933826323,20.59621664647945,13.81194691142321
A,Blue,11.617858400942596,24.005820099119614,42.68909642515826
B,Blue,8.579094900330096,30.5543631851214,34.346323654706346
C,Red,9.963301958191787,15.912990944556395,5.076437970970989
B,Green,12.623567800415152,22.178374554529558,20.177599207768136
B,Blue,8.10255635415775,14.070444953835768,35.28517884394926
C,Green,5.676309076494738,21.724485041249597,42.813925489828364
D,Green,10.732914332595945,28.828546332252017,38.40838759366657
B,Blue,9.486091019293001,16.860583927791055,26.443170897421144
D,Green,12.021724480743678,15.57022843352702,10.686231392069615
B,Blue,9.738969840206012,19.544128832407186,38.70248993911311
D,Green,8.791321856873376,30.229086440441428,27.031031486794955
C,Blue,9.848365208363573,23.855194599766275,30.6886201461507
B,Red,12.186137173226422,15.475426739719946,28.225795617915033
C,Blue,11.150739254384751,27.275302912408847,16.44470500423732
B,Blue,5.132195486903931,11.724685038334066,33.64250212222989
C,Blue,10.371534984173543,30.682795644013623,32.26459031113447
C,Blue,10.47152426480281,24.282253400075795,25.742111570852018
B,Green,9.963500069598961,28.817787200033592,34.711057998624874
B,Red,8.778220216862822,11.761009458079824,16.260004525766938
B,Blue,12.38906374901289,20.847209154298433,27.30997224116891
A,Green,12.488067896269722,19.33055536717142,30.26127472935789
D,Red,5.593679078348276,14.965102632766794,12.650723678649378
A,Red,8.404081044517111,13.519881898743039,29.429033891639467
A,Red,9.71053869742856,22.535406293797745,37.33645146681296
C,Red,11.89701640743334,22.98865854056812,26.967690759571322
B,Blue,10.069705752783532,26.499870233628762,29.658850974856556
D,Blue,8.632812399670154,17.482894733365846,35.62344039234167
C,Green,11.41906715461475,19.29195094922095,26.121998911337272
A,Green,9.577327828898015,13.087700375269542,27.022026004557112
B,Green,9.76519828169008,27.703929059973746,18.23296485467533
C,Red,9.945683133191848,20.347740438786214,29.85063222679235
B,Red,11.148616881676968,23.612942508100527,26.651515163952197
C,Blue,9.382900796652425,23.78952698055506,34.990897950533224
B,Red,11.373892985294445,27.29553578650989,35.63459954183239
A,Red,9.853862063185854,15.843002663662734,37.91209039012881
D,Red,7.865966827164248,23.487933001735893,24.91739649104869
A,Green,9.926447388609104,19.874956468454794,8.23418914375884
D,Green,7.96957319370957,30.528385331703156,37.416397464647744
B,Blue,10.081973579551883,15.828179105019917,34.31120964097409
C,Red,11.658947858462932,25.857131738819362,23.647083953139102
A,Red,7.8527419879957705,21.751708896141984,35.54940199567337
D,Blue,10.728546811608878,21.489280471030106,15.514101974837583
A,Red,8.341925083293585,20.27010363023745,40.30240212870275
D,Red,10.403401119833093,26.733329114183938,26.6637544820595
A,Green,11.720408484040968,21.319258505369675,21.710723869951046
D,Blue,5.740973851779917,12.377923309395115,23.782984437611123
D,Blue,7.7710483462573094,26.097517843561224,27.685150139997877
B,Blue,9.262041109780156,25.18100916065861,29.879879267005368
D,Blue,10.63008097836323,22.93568842106424,30.48280280399407
B,Green,9.667233341283353,14.357631851262267,25.70392556041876
D,Green,9.908238436038163,15.134423198893398,32.002395734614794
C,Red,14.085969050702513,10.612785573819455,30.082792743334338
C,Red,7.575085442301544,22.301649365899067,23.52427004425601
C,Red,12.27097003272554,13.252255759128152,22.018093755787362
D,Red,9.300043745691166,11.406245535689177,36.083655428948376
B,Green,11.098949584997468,26.37494559650022,35.243260359979054
B,Blue,14.2578931114912,23.840897822314236,30.571363551612635
D,Green,11.377356047370853,18.334141675845366,39.241954659902014
C,Red,10.74499141958,19.329767083714025,10.386723438323656
C,Green,13.19824467029875,7.963278965080288,24.35605358493297
B,Blue,12.249597289186383,24.5837245952961,18.436828876653557
C,Blue,8.401211847677128,16.53634267755658,52.56272265137851
A,Green,10.589049484907711,21.651454315665703,37.13219820395987
B,Green,6.565008531718481,7.55718869104258,29.20938016341724
C,Green,8.919693223251498,24.887840160807727,37.84990578846156
B,Red,10.628105935199718,16.23577615307138,41.16275663755115
A,Green,8.795789294437483,13.119788681053228,41.05631691524071
B,Green,10.546733491943849,18.301991827558165,39.21703485100353
B,Green,9.973230768693922,17.018023910322576,27.374596767179384
B,Blue,11.072833464790087,25.37133806454933,24.98634580516048
B,Blue,9.151601955943779,17.898024388191864,20.378108200193147
A,Red,8.119702171126573,26.81308513306684,35.02447266729007
D,Red,12.956253652346522,21.650713078945365,28.410642646712187
B,Blue,9.00860651462011,24.471839436061874,25.81528969482804
B,Blue,11.320021186234236,19.98916773386057,25.293386382721977
C,Blue,12.870494052945073,26.360294911699416,44.50192630634689
B,Green,10.325339997995064,14.231880048586621,39.526804128416714
C,Green,8.287386861113701,20.568122287471635,48.303938561281655
D,Blue,9.64278005090531,18.017820852842924,35.29016299892109
A,Green,12.035081833213507,26.98314239753656,30.56954440254898
A,Green,10.412495091475726,27.49517202329713,29.745975492550752
D,Red,7.589716415591447,20.00210629618559,19.79698452738527
A,Blue,11.193287667067425,13.542444494520975,17.385810082485992
D,Blue,11.539062938101997,22.13548658395834,35.07341021892874
D,Green,9.289376227764132,11.676951324831167,20.653212895167453
D,Blue,11.220488751209492,28.130713993915556,32.11457753867236
A,Red,10.490037190920935,17.634149646819807,41.15466683095212
C,Red,9.605140922715922,19.847149182912524,23.345460669691036
D,Red,7.412928512812673,16.59524462096623,50.10481634591578
B,Blue,12.155907790211515,15.491092066495897,20.093048790559006
A,Blue,11.518421999839667,23.68645658273526,39.901947564898464
D,Blue,11.167772588750625,19.206916614743392,34.24756181132362
D,Blue,13.089052007356187,20.212412694615875,41.94095249946152
B,Blue,11.890387454027188,14.980544603905804,18.838023886403104
C,Red,11.373132012303126,24.2802961174852,53.07020916953611
C,Green,5.573545303946338,24.788948675684335,28.212249162170945
C,Red,12.393789903604832,18.955357565602114,36.766479392992814
D,Blue,10.166161028564101,26.339610666659436,44.44487488946501
D,Red,10.624983360514276,19.479379228877388,23.95337932504784
D,Blue,10.638666379386772,23.898777481444103,38.25726362947179
A,Blue,11.54766548728456,11.885362095849512,22.285303547785073
B,Red,12.24435005760337,21.76715433243206,43.969615804578396
D,Blue,11.268482286118445,18.642592661965327,22.398192687712662
B,Green,10.950571178639784,20.77761212977498,30.38506982495759
B,Blue,10.463025478591144,20.55341202827913,33.0612070101196
C,Green,3.2967789661906437,20.62849911088492,37.84299769722615
A,Green,9.424817961099624,23.078503646812766,49.684763084265455
D,Blue,8.11682096529871,17.174131841970105,25.480310103855103
C,Red,12.421479077878171,22.845396297678217,41.38734774273607
C,Green,11.238074396572587,26.162624415589534,49.702584486341365
D,Red,9.083726025572531,12.949294975098383,31.65733360864917
B,Green,9.284565635461512,16.09729950885337,24.498672498797085
C,Blue,9.212037273395158,16.30732287249407,12.699662605647084
B,Blue,9.17634769136216,14.539771002745203,48.832757674110624
A,Green,7.110885112950406,17.626511151814704,27.555556700756362
B,Blue,6.677441013444465,25.165592576999202,19.98641500769449
A,Green,10.058093544763487,27.237934622562143,16.41669915790237
B,Blue,12.15062827871871,20.53087484873251,19.967858096099587
C,Red,8.924620605144275,18.378819945759,39.19705293227165
C,Blue,10.60688950184809,24.014619845403303,40.57868527674738
A,Red,11.46852183435345,8.1801575287391,36.52121871455536
D,Blue,8.013243588832287,14.72410763948421,31.323378273533645
A,Red,9.960049142560194,8.391847966500423,17.544794104986643
A,Blue,8.666959037452969,14.67150141322279,22.700590540979526
B,Red,13.212238983662587,16.16491236549,18.933805893187245
B,Green,13.124919013724229,27.38840938968839,35.72821005526265
A,Green,8.0153143202503,6.194690169220053,19.366875211382958
C,Red,10.771768766168652,17.91648699882833,22.857538889464074
B,Blue,12.135198601624982,23.097832360890536,28.165127570014928
D,Red,11.69665900075266,22.053653316345468,13.30199846903653
B,Blue,10.163126069968731,27.30869066767447,30.467714308408464
B,Green,12.613114923528695,20.80525739298294,28.928471189644636
D,Blue,8.190970622021135,21.871390902405725,41.84209145961691
A,Green,9.393814111210615,10.807465840987248,21.80134454966248
D,Blue,8.24471516048085,15.058655709115955,17.008044816876644
A,Blue,11.564986989401243,11.086476282759882,26.259403504087153
A,Blue,8.834726251401097,22.8630405395705,19.019087065639837
A,Red,9.657501649125829,21.743452258786228,30.391545918131246
D,Red,11.235340736531498,21.56768983641758,11.40065138173394
A,Green,11.396499827555632,15.592831957709627,23.946545966227184
C,Green,8.185747307489498,15.135251103416673,20.716283301777803
D,Red,12.113310567545584,21.047234661482086,35.67757077086069
C,Green,10.911379337334502,16.653069736144325,21.89435290374635
A,Red,7.836594320839197,14.897977180838815,12.639042414015009
B,Blue,7.344568208486774,17.45805314370966,27.981799030654514
A,Green,9.968360579475865,16.69628981982346,33.19886140274509
C,Green,11.700187978633618,15.666385126857733,27.28794806739274
C,Red,11.75143172480196,13.87116091621199,23.88677220780892
D,Green,10.712333754449684,22.243448841694534,23.284378994157372
B,Green,10.097349676653652,27.780247197385286,31.12948032442034
D,Blue,11.023475338158011,19.80497899690673,21.105512507604516
C,Green,8.289338971221483,21.11217068484964,26.71517028589466
A,Blue,13.373975726050784,22.681889263008518,37.50446570887374
B,Red,13.34787683624504,21.83282878596561,16.986769210943546
A,Green,10.857624629241396,15.765438358415103,29.563329802597277
A,Blue,10.394600839985705,28.599231055512924,12.110105872029951
B,Red,9.177158054681259,16.213447431610195,32.27929670009953
D,Green,11.057497691599321,23.240441823302046,20.21190789200939
A,Red,8.617365257966446,22.65095653671456,40.19591813030795
C,Green,5.5527759380089385,10.207792289326811,15.230526903546512
A,Red,4.571785399017827,18.205767915435402,34.42079036801008
B,Red,8.401003333673026,20.283142259060853,42.211310785264935
B,Blue,10.312756245836555,20.66575605712143,19.693105985795313
B,Red,10.663943467906966,21.507102577583836,21.381150710050605
D,Green,9.02648598298143,23.78831436469988,20.558043556234026
A,Green,10.283670334285807,19.96242317864611,25.14137311595696
D,Blue,9.451543285890939,21.77308784008972,35.17421799189466
D,Green,8.001374484699726,19.775227066138086,24.324950661128764
B,Green,9.892510982061749,14.913331716226132,18.79041774793643
B,Green,11.625914224731298,20.16200720684837,9.812462934167097
D,Red,8.091876504507356,23.745449221265346,46.01947506512396
A,Red,8.092790773960605,25.543941912376823,46.80495630414647
C,Green,7.861498812095684,22.68657828772102,35.60237039488457
D,Blue,6.126962530983768,26.671751629746495,21.89616305575015
A,Red,9.039595251705963,22.094323737044903,37.477021151316464
B,Blue,11.428172225905062,24.319399108344186,39.48706917493066
B,Green,10.347832167667525,24.68695574639893,27.457518685872664
A,Green,9.661498231887387,18.88324729558132,30.413685439988903
C,Red,10.258129596480337,23.630017162838342,42.31768229489492
B,Green,9.022037025141683,15.29677551179543,13.595386429435916
B,Red,6.104226725473056,21.749061712744318,39.98422823122174
B,Green,11.567437563629131,22.885129133342264,26.908461886434868
A,Green,12.142249147569302,25.25547560349665,18.874216979889496
D,Red,8.543686447864426,24.10379651990653,19.696935267056613
B,Red,9.698328758786888,25.320570916673567,21.352778654809118
D,Red,9.52600165787968,19.503098349367885,17.899292798987968
C,Green,10.702577618849084,18.273034226649763,47.713889743890164
B,Green,13.37978691325258,18.62550621057192,34.912029385010015
B,Blue,12.319582490578611,21.33141865224315,40.644827536085685
C,Red,9.246171549172209,10.956264921788739,35.62368291616678
B,Green,11.084927723000474,26.65878485197277,30.612276084701733
D,Green,12.508713737145426,20.219366799144876,30.74755323365632
A,Red,10.816690328789557,17.924992088324405,26.024873610901377
D,Blue,9.990601191119655,7.3514189469726965,26.842176235598295
A,Red,10.892000189334372,19.81593246910859,15.918966261871084
A,Blue,8.593456954873053,19.007617424621223,40.818261510402635
D,Green,8.885437751791837,15.514767846773726,11.867667139969548
D,Blue,7.871931529597806,16.63476577436494,19.41389409470801
D,Green,10.614129033140486,19.866816777774183,50.120341309606104
D,Red,9.737194187955524,17.058817702061585,31.361728830648268
C,Red,8.353763877303841,22.859390330891777,31.777104450301987
B,Red,9.67164117675899,16.256082056779917,36.37338547767729
A,Blue,10.93999652152634,20.77304214760389,14.596625068786045
D,Green,13.829424611995984,25.90022684405585,16.062066335299768
D,Red,12.024135729407716,19.81702068718724,25.551056534511535
D,Red,5.43170428503532,21.779885619798726,20.966390424523098
C,Green,10.47861693364069,21.463256937002992,29.250440349905993
D,Red,12.858648525425709,20.03998449808633,34.85549295302136
D,Green,7.324253017579535,19.664964290282448,43.89163047870596
D,Green,11.103118540424848,17.14312889275044,38.11088339789591
B,Green,9.526715628937907,20.755061452789096,20.05723288311046
C,Green,12.300581061832322,18.583662455802664,26.25035922052207
D,Green,10.808514390026904,27.730450841173536,23.530548287503855
A,Blue,8.231969090881588,24.05571629554956,19.834391209876507
A,Red,9.59829704341876,12.73602052055827,17.558248873221675
A,Blue,9.716608647904753,13.014210008909613,46.6431238772454
C,Red,9.753643570379902,19.347700654803173,30.1064224323265
C,Blue,12.238525889550527,18.023472612801267,27.75769793395252
A,Green,8.31476015721954,19.084030408890374,34.842575665943016
D,Red,12.006102619322368,23.255807303261566,35.33746103741573
C,Red,9.39550064815696,21.578679494386783,41.18825653706421
A,Blue,10.44702221265833,21.528146152290773,22.563383866332344
A,Blue,10.144755172562068,27.230973327476967,34.0272221687282
D,Red,9.95638932383633,13.055542229134604,20.88826023649171
B,Blue,9.972794331109355,20.519694170744497,28.09842056261272
C,Blue,12.914717116542041,17.10473726026373,30.56742567162054
D,Blue,11.68489984981229,27.17717892919676,31.54483995719061
A,Green,9.27456862084014,8.953241970883282,31.103211058471906
A,Green,13.165574508244182,9.172592071434993,38.018309825449194
D,Blue,10.549362147985706,21.523181481740252,24.03011609024228
C,Blue,10.715248518647789,25.631482796620734,31.816742729034715
B,Green,8.325361841337218,23.86627160658525,22.410951604796
B,Green,9.00500268318972,15.995096033411457,59.20752565885881
A,Red,8.622992984145649,27.5321086100079,20.8713568223637
C,Red,10.17214572998735,13.842656257028958,22.993473456554455
B,Green,11.277566158896418,26.537420947716726,38.8264807701312
C,Blue,10.734464598844427,14.503858748209282,25.705348564988416
C,Blue,13.176088312139164,18.24087913831389,38.83046127701029
A,Blue,8.22448398957753,23.196347689284586,31.530225937258848
B,Blue,10.229738087077765,12.668960845519175,25.968107334462097
D,Red,7.434121341403411,27.345116987703836,22.472446508752228
A,Green,8.156258056793476,18.210280842993427,22.111634383631273
B,Blue,12.529156754676928,20.686380678391448,26.07678997487258
B,Red,9.073670267057068,25.811003945203762,28.256036816552022
B,Blue,8.393272407879458,16.03437327416425,21.681187565761256
B,Green,5.740046248834106,25.304068431276946,28.907675698134554
B,Red,8.373290704422164,28.20266785446185,19.058847073319924
C,Green,9.589439451610042,16.722105013352106,37.55901216596352
A,Green,7.285194080427578,26.846938362981472,39.47362399459965
C,Red,9.474433222035064,11.197107028791985,22.956748097914687
D,Red,12.541262121316446,21.948001973972836,22.398269448847795
B,Red,8.585389319343335,13.857007421480958,31.779168070098724
A,Red,8.113233901260129,24.712842742680944,42.65366093031565
B,Red,7.752197066269813,24.302280242111017,44.86663664253174
A,Red,7.7164718149684,30.38689997795622,15.972572767637327
C,Red,11.071154893776859,27.106414914762496,40.06304829651524
A,Blue,10.097337473766101,19.171144011992727,29.384466620648052
D,Green,11.913713758551149,14.591262563505797,29.57810299539465
D,Red,14.03967578330851,22.82843539834695,35.04712365650561
A,Blue,6.339217736181704,19.696342948072534,25.190425295838857
A,Blue,10.760157416883546,27.75577522297852,40.96700632108305
A,Blue,7.7627613311328805,9.168095782921108,44.23962271769807
A,Green,11.577798596066902,30.940283796443136,44.61284277535237
D,Red,9.456175997853128,22.65995303805902,11.5608521173472
B,Blue,10.054645521728347,15.934939391398139,27.703427312715704
A,Green,7.4336451441403835,23.66994613709283,10.647694151922423
A,Green,9.147145949773666,26.48710710644852,22.34719938056658
D,Green,10.179324502216518,20.571734456518442,6.025011288703421
D,Blue,12.712156293613416,11.175398079275785,34.50266634639487
C,Red,8.41087894518289,18.53076481826447,32.19309635580174
A,Blue,8.898616856939373,25.19697526521069,25.67398893443234
C,Blue,11.888579284364562,22.483323671136873,22.088518894496985
D,Red,8.281319432601379,19.217464845823137,33.1403162435367
D,Red,12.284770287948252,26.541579154457178,19.885779286289036
B,Red,9.981826850547488,23.696529204161482,19.205378852326735
A,Green,10.606245923183687,24.08169577969172,17.97583798065291
C,Red,10.735044605018741,17.946826540095994,27.961590692613512
D,Blue,8.767558893186784,17.463081591269507,24.176924304672372
D,Red,10.779773638944791,11.500201396584893,26.157619815363294
C,Blue,8.4552604313714,18.703041220313718,35.218087400187315
B,Green,8.995793991802241,24.67696026899064,39.63296604859499
D,Blue,11.11738193206655,18.979533514922064,44.504807848958855
A,Blue,10.586787911283807,22.227694232645025,30.601369779682923
D,Red,9.850070098321904,25.5559967832664,33.475891025627696
A,Red,7.482536701473979,21.86416495899316,31.88846357130914
C,Blue,7.98168342130074,22.35257380880401,13.258143011860966
A,Red,10.55341808780997,13.210887689812228,26.303029440289134
C,Green,11.464281126970231,18.387176079490114,26.349017772593363
A,Green,7.780708990958486,28.633132532482975,24.891871742303884
C,Red,8.320349505095665,20.518985905480466,29.59060671381162
A,Green,10.26837034835544,29.483690909982876,27.805194467856715
B,Red,10.225575725258187,16.384421846805264,20.136732360749424
A,Blue,6.752085582477918,21.169737260672697,28.48974046152947
A,Blue,10.323126026879978,18.086607812240658,23.609496029149692
B,Green,8.803264379539563,22.959923425622765,3.807572730831076
D,Red,13.282093259457916,24.475043340300605,16.029310796895366
D,Red,10.498397085471312,23.012330478504502,30.889143258130787
A,Green,10.842946899751805,25.209260718740143,40.9189131415411
B,Blue,10.894718604381222,19.934135057388367,5.7279674232173505
A,Green,7.572145238694871,19.04735816168161,21.296083662463424
C,Blue,13.887753786217207,11.209034963620141,34.314538339947596
C,Red,6.754177505097653,23.192254675822824,38.78195463753168
A,Blue,11.591406283399484,20.860920461200788,25.79886438423982
D,Green,11.237327874961299,19.660426312187333,23.17217641578931
D,Red,9.04599524017408,19.045912972728274,42.19710749890193
A,Green,11.332900633426778,19.815602193281048,37.960927059985686
A,Green,9.364853602352524,18.818819342510416,38.586183980760154
C,Blue,8.649077110288443,17.359830807183478,25.319359975092546
D,Green,10.939118338705855,21.197944403620845,41.136942376836785
A,Blue,7.986878017824196,22.420795594664764,10.549312671362884
C,Red,9.55148968248486,16.147160428069096,41.31230091659013
D,Blue,8.811646502540086,17.996322154063044,29.334678465581103
B,Red,9.32804098085411,18.97689124367566,31.28934191247815
C,Blue,10.86545719826037,20.024066536883925,20.547473419225227
D,Green,8.811267255307587,19.359072652071163,11.859736518918492
D,Blue,9.615352173855271,23.29860599828197,31.07704147791731
C,Blue,8.993709496196837,11.738164921480953,35.51394549591397
B,Red,12.887993331149092,12.624814008299415,37.02692384818765
C,Green,10.68522479642778,20.967846996267888,35.947785958245866
D,Blue,10.440139265933439,16.986570760861056,33.681616950534575
A,Green,11.366837009246847,24.421211528869055,20.762135638070397
A,Blue,8.811730846450226,25.84900476294275,37.67476072520033
C,Blue,11.718514449999681,21.16873588211455,19.643776525246714
D,Green,10.692355491665483,14.640125418629104,41.07064236065135
A,Blue,6.878218194491869,25.272967581135298,29.16018131193827
D,Green,7.14393833379847,20.994513310751636,29.49290780134516
C,Blue,8.855405894431868,12.565320137364413,38.65926618305102
A,Red,7.35798700826966,13.007401759674078,40.01468625534139
D,Green,9.523443078600833,27.584733948543224,37.70638678950139
A,Blue,7.972524017168272,26.75567956630615,21.79542150444331
C,Blue,9.804553893858163,7.4142842895187755,37.62669550438552
D,Red,12.823418751862912,13.211045523710617,21.852103900295518
A,Green,9.90124619288763,25.704277478108274,37.87901401727659
C,Blue,9.394071090196142,19.90753705803476,15.748368039377354
A,Red,10.776485295570689,23.509246427460464,29.063199380616354
A,Blue,8.607160414154793,19.690236269509516,21.79108860494329
B,Green,11.686828618792,23.272462450356016,38.69935652448026
B,Blue,10.990425906248223,20.029167733327167,41.15166774089013
C,Blue,10.077731124097127,17.81195871621517,31.989965137919327
B,Blue,10.308631663267173,25.293719149574045,31.661091439378847
C,Blue,14.083491821125705,21.01027308012823,37.041771224811356
B,Red,11.884624420535737,23.26194358121783,41.21114879949118
A,Red,14.399053262322667,20.78723962480383,30.373111746621614
C,Green,11.064060386584904,17.568215532250935,25.003246750520194
C,Red,7.056617114658623,28.041946556785962,36.47267486440488
A,Red,9.475652594272319,21.77484127378833,11.41272628906329
C,Green,6.5995902509038675,18.22475677813924,39.096515395588256
C,Red,11.056606069333837,26.39164735159358,22.89813050558288
B,Red,11.490808394690804,13.395881130605215,27.59772133727551
C,Green,8.228168008081441,31.18141825397993,39.16051323118311
D,Green,8.688727240706294,19.104251211682858,25.84490483610309
A,Green,10.297501792470431,13.659928963083118,36.47408878574803
B,Blue,7.603791873471565,29.529706742287825,41.38908754074414
B,Blue,7.453680461514934,17.684161934636045,31.100330900475054
D,Green,12.47726409608224,21.216222849278136,33.11448155824712
A,Green,10.229421236327937,23.588453707197317,28.80564126056281
A,Green,8.883781284588089,25.920862638300726,31.155979970637205
B,Blue,6.615762222885562,21.498872818607822,18.83595220049968
C,Blue,11.704702713788944,16.763422958349814,27.062619134419247
B,Red,8.630963575566062,21.094962616669964,17.117943930174807
A,Red,13.721368891741077,17.903422273341395,21.012327754726016
D,Green,11.71862019538689,21.24505838182262,9.970509793278374
B,Blue,8.383716291185461,28.14074772878429,32.639281535048866
A,Blue,8.569056605737057,23.77962595821897,46.91602165377414
B,Blue,13.443702325888664,21.033232190491695,25.438942648594292
C,Green,9.83148110633099,23.6924541630317,39.6513359057238
B,Red,8.97337754335326,24.050403259545927,41.25692816016916
B,Green,10.05544337695314,14.610629485156373,18.008627656517294
A,Red,8.96417469989242,20.20861355607849,20.162060823091778
A,Red,10.48209695421633,32.812638296662584,39.90798088352207
A,Green,9.848352756963473,26.06410492515933,29.076586370081476
B,Red,11.751015961023016,17.482822204194,17.092111338494075
C,Red,9.222851793521746,16.98396051941189,23.63140413071393
D,Blue,8.230367266620707,16.817371384121987,34.19660244812066
D,Red,9.30203060675283,24.331599751310286,22.06063325895166
A,Green,9.289832203551908,28.038204605581086,2.2546313456560583
A,Green,9.844932369612014,22.91083522240029,26.779868227921636
B,Red,11.26908057611445,20.78581174934409,27.590068061448036
D,Blue,11.159817934943842,17.779223211836143,30.092264341443272
A,Blue,12.399317351717137,21.646865727917636,42.588833732895296
C,Red,8.377020644532951,15.899391399518953,30.535227978990452
C,Red,10.777440246102218,10.321172263943808,32.429373544257075
A,Green,11.454639694041429,28.184128450562245,40.55536973649419
A,Red,8.651559187376272,14.970936648189454,30.10344015835762
D,Blue,9.584737894035243,18.375838131653403,51.36520745290102
D,Red,6.500044251562406,23.281787253146454,17.36291706020998
B,Green,11.81371539025147,27.172334346730267,20.65852286892156
D,Green,9.569003595360261,21.285653262093106,36.13958408270814
C,Green,11.613128353361999,14.031445061695859,42.54313532938639
C,Green,10.412099035759026,18.493267751542245,27.992050031313756
A,Green,9.629669542050253,16.607572974874603,19.893788292105942
D,Red,6.814394401295028,19.808944862643393,47.609895852253516
B,Red,7.17009477856712,26.15992235634818,22.076311051956896
C,Red,4.8137076313165155,7.313057019650579,33.390544511329786
C,Red,8.874773034342688,17.943050849862544,43.14151811347785
B,Green,14.556497406362496,17.57975181806491,25.58394776578979
B,Blue,7.424105220964001,13.716193275521801,23.77872162743286
C,Red,4.737136233160188,22.92745371874808,24.46312257970336
C,Blue,11.925337839171064,12.92512064061976,39.01551256574764
B,Red,14.727435738593403,13.500528603518376,40.601477052026596
C,Red,10.595842130519605,24.25534607010307,30.337253917621272
A,Blue,10.57746478943992,27.502856844813344,48.83082253069733
A,Green,9.380235852712497,19.619516156940204,30.31966559270128
B,Red,6.41148553897988,13.91301940505367,42.923332141681655
D,Red,7.098576164513047,16.47222954110875,25.679983957490606
B,Red,9.366493341202963,25.040009736225226,53.33756533705564
B,Blue,8.983089319940513,20.582191203316967,45.701314155797114
D,Green,9.769654144460116,19.494806115590386,28.720253644714845
D,Blue,11.658649647856318,21.56524854956573,44.34540208717003
D,Blue,8.836324336165958,19.811700282372797,43.83980491172018
A,Green,11.699433512809222,27.728561488296087,45.530410762926486
C,Blue,8.84942058019446,16.254283676531994,5.1801366427969455
A,Green,12.076479185731515,15.680204415823933,37.193514492908356
C,Red,10.172735134146848,13.082732409656721,35.422987693057415
A,Green,9.128339318156975,17.30006182137155,34.710732809434525
C,Red,10.13858812109778,14.540122626669227,32.183464333978975
A,Blue,9.412922315684867,21.090377543263617,32.478112795145265
D,Blue,10.226268475359943,20.104736827625718,42.831403052980804
B,Red,11.516212397034943,14.604622499660119,35.394733736933716
A,Blue,9.8255688031687,22.945696795139863,32.16906443732363
C,Green,9.260862294292437,27.58406433564937,41.39381014835619
D,Red,7.752967590178342,21.78919174335512,34.1802617841187
A,Blue,11.15835603858343,7.282509085222632,35.1356842735338
A,Red,10.69654445280545,29.935654853350528,48.670371088112276
D,Green,7.636114298144959,23.734617345355296,25.655192874503527
A,Green,11.670988555841522,29.782091265942256,14.842896615987573
B,Blue,7.603631934795329,25.45361793074917,30.72363510990797
A,Green,12.058443582467786,26.452577094352794,32.145433449569644
B,Red,11.375726654374036,21.026334468005423,37.21529029457191
B,Green,10.83933104519614,18.688519939050835,31.07315914661961
D,Red,9.246009681665928,21.867405938660802,37.55119243972559
A,Red,11.151559565332906,16.4560745987673,55.04616680271569
D,Green,12.15274399048236,22.16940425450116,38.01514318877009
A,Blue,11.184703842216347,6.866068713246447,39.77315301051468
A,Green,8.659499956547524,20.214661226072064,28.70468592277566
C,Red,10.534813964710928,26.723380600510666,16.147429104926978
A,Red,12.264069972590072,20.471542894644827,7.018884128702545
D,Green,14.398196361113406,28.63741369015494,24.813194178642817
B,Blue,9.589574051001607,18.681273060756975,4.196283440348804
A,Blue,11.71576621226286,25.01325456493914,35.13549025019274
C,Red,12.268961040168637,15.60864963163317,26.171830155751458
D,Red,8.375190002020473,24.809783097776894,16.86625133524757
A,Blue,13.564156636122963,21.162974541139082,31.308741199486256
D,Green,7.869630631833108,18.901247520786356,22.61367806358196
C,Red,11.617971030065952,7.1305894246779005,34.507762536507684
C,Red,10.610639559094132,18.72811612097225,37.07626329822504
D,Blue,10.11115111999632,21.06726509639905,22.981658370115582
A,Green,15.093666562897287,24.143547176099588,27.62718818909674
B,Blue,9.397489529346398,27.804748995495338,32.148957538382206
C,Green,9.365308814542782,30.175163506829556,15.92957786457575
A,Green,12.662957614795591,26.231336715614923,32.14807522877016
A,Green,11.523607556173566,17.189548373479028,15.689813519206044
B,Red,12.564197841917109,18.475979552411303,35.657169795528695
C,Blue,10.233738764682228,23.694577355218417,25.648363373718006
C,Blue,10.633885234024326,22.598072299239007,15.634572659557655
A,Green,13.80187122598915,28.14172979695681,24.20026400859176
A,Red,8.328091840838608,32.39694709354956,24.623254188065577
B,Red,9.79424591181668,31.335900975491114,40.685208833869446
B,Blue,11.59650814285089,27.469690998991723,31.73304699285794
C,Red,9.608278359824325,22.639513244714486,20.437225424348675
D,Red,8.859708241433928,26.746625314729222,46.49066287200486
C,Green,11.236969025573044,28.307205068641977,36.264904015105586
A,Red,12.67161133298299,19.26349801372491,26.636776314203377
C,Green,9.718331274388285,17.336695137456203,14.461658143049776
D,Blue,9.662820758378501,16.162894999641626,25.754064205198063
B,Red,8.704623948633138,15.618076332773484,27.794869153423292
D,Blue,9.408046313188532,13.090023387034046,33.69032331450256
D,Blue,12.167212159660371,21.249508545588636,36.072565096596556
D,Red,10.162125741387314,15.001235994559341,38.06582095410735
B,Red,8.390018678139423,16.08238907932309,13.885325691614526
D,Blue,10.524724760647326,23.506277795883634,32.085048211632426
D,Red,12.102388021972082,20.908045331267548,28.40384174751788
D,Green,8.876228672905143,22.148124703168374,56.77977276169878
A,Green,7.342789560808873,26.825743809460405,30.646944390963707
D,Red,14.381650319745503,24.322649542703978,23.773468015386285
B,Blue,7.242941299913506,27.594432907263315,31.10368856716915
D,Red,9.281954872288429,20.399882473890354,29.91431711989234
D,Red,10.46425702371734,28.05895295656198,10.109606928489846
B,Blue,9.455144597511417,21.7986838217873,34.08304463417837
D,Blue,9.850178310689962,20.843531305476013,26.894419093214182
B,Green,11.153676335749187,27.307631031382517,29.733087848394813
D,Blue,5.216556684574413,15.639231604033526,21.264314661094417
B,Green,7.4662110569522975,30.118002837712375,19.060857697877644
D,Blue,10.088518772140658,18.58949989981357,38.78882334075645
D,Red,9.19156597605278,13.90946014225339,41.084566564428236
A,Green,10.258822516551195,23.26750976027931,34.180986054372354
A,Green,10.455306565262608,18.113392449408696,11.892023994403655
D,Green,5.768160009058016,30.129035459556253,34.83063359261324
D,Red,12.547280664303292,17.835495906074264,12.040634486633138
C,Red,9.003464233799301,21.57224458675981,23.388243651717346
